id,year,paper,old_display_number,new_display_number,uuid,issues
6343,2018,1,1,1,75683684-88db-4528-b32b-1886e3678379,
6344,2018,1,2,2,15770150-705a-434b-a5f6-4a2bb76963e7,
6345,2018,1,3,3,0da421b9-2727-4fd8-9fda-3f29d1012e17,
6346,2018,1,4,4,79990d25-053b-4b75-a507-a90eb40910e1,
6347,2018,1,5,5,12ab5218-ec48-4047-8ed3-a33277b88e6f,
6348,2018,1,6,6,87a116c7-36b2-491c-b827-04c0ac9d59e0,
6349,2018,1,7,7,7ba40184-f8a3-4168-978f-6d320981e314,
6350,2018,1,8,8,28847a93-f5ea-4420-859b-9f85d164f793,
6351,2018,1,9,9,29a59f90-96b1-42d5-b7f2-a4fcc940ad33,
6352,2018,1,10,10,d53bee6c-14fd-4ce2-afcd-ce863fc91a32,
6353,2018,1,11,11,1615c498-db0c-48b5-a4ec-0f23b67b949d,
6354,2018,1,12,12,62b9e525-04a5-43e1-8758-4ea9f5d2fd23,
6355,2018,1,13,13,e9e03e4b-9443-41c8-a5a4-54c4c01db9f4,
6356,2018,1,14,14,4b8877c7-1525-4f3e-9cdb-16721a408282,
6357,2018,1,15,15,17853514-d9ad-4057-988b-336551c2effa,
6358,2018,1,16,16,d46bf9f7-20f7-4dd6-a5cf-64785f629a6b,
6359,2018,1,17,17,ea23c71f-18a6-4319-a73a-28a198baadb4,
6360,2018,1,18,18,817402e2-6765-47c5-9799-9852703cd88e,
6361,2018,1,19,19,70cadcb7-cc6d-49e4-aa08-049ad53aca83,
6362,2018,1,20,20,f7000ff5-c880-480d-833d-94213052cda9,
6363,2018,1,21,21,288f7791-aacf-4d5c-994b-36eb3a160e49,
6364,2018,1,22,22,4d5a218d-4d58-4882-ad39-bb796515060e,
6365,2018,1,23,23,d9a8959c-d225-46cc-9a31-8721dbfddcb0,
6366,2018,1,24,24,ec623a14-f6c3-4c35-85a1-3d4ec7f1f8c3,
6367,2018,1,25,25,c6da2f84-afea-449f-b9c2-c36f4341b7b4,
6368,2018,1,26,26,8e3526a9-5ea7-41f1-91db-2c9ea449e328,
6369,2018,1,27,27,07a187b0-2fcf-429d-803b-c89db24ec44e,
6370,2018,1,28,28,d30b72e1-d173-41a0-86c5-20d4d768761c,
6371,2018,1,29,29,a940211d-e27a-48d6-b1c7-ecb2c6f4c1de,
6372,2018,1,30,30,d67d6c25-4e77-475b-8f6e-09366fe51058,
6373,2018,1,31,31,1aad54bb-5e56-4df1-ba88-328acb1d40b6,
6374,2018,1,32,32,933844d1-384a-4953-879e-ddfd9c2b6653,
6375,2018,1,33,33,62f93cdb-0fda-4417-a669-fc063a46a3af,
6376,2018,1,34,34,fb418d9e-4780-4cb1-b85c-a3999d1418b4,
6377,2018,1,35,35,9d75f834-45d9-4882-8ba2-ac153e44900c,
6378,2018,1,36,36,1ca0604e-c22f-4506-8ba1-08e48d195cfb,
6379,2018,1,37,37,45993175-81b3-4449-81c1-becf5f4baca4,
6380,2018,1,38,38,557fd38d-03bb-4062-97ce-3da952c07785,
6381,2018,1,39,39,788cdc98-39ac-463f-9033-28c840c80390,
6382,2018,1,40,40,ad4d3dda-eef0-4414-b179-ca826d1868e4,
6383,2018,1,41,41,83cc6fd7-99e7-4d58-88d7-3888e959e7d9,
6384,2018,1,42,42,cf10690e-28da-450a-ba02-446205b66bcb,
6385,2018,1,43,43,654fa89e-e622-48cc-92c6-fc9827555a65,
6386,2018,1,44,44,d836c88c-8869-4847-b29e-033e74c8de8a,
6387,2018,1,45,45,aec6ddd0-2316-4bc7-a99c-017495fccceb,
6388,2018,1,46,46,622a3a26-4571-45b3-b100-b38fbc580ceb,
6389,2018,1,47,47,759fea53-c895-47ae-992d-3a4e2cd458ef,
6390,2018,1,48,48,df1e929a-61aa-470e-90ef-66edab5bbbeb,
6391,2018,1,49,49,643f991f-4d81-4801-8792-147ca80f4566,
6392,2018,1,50,50,d62a563b-5332-4a2d-8a37-7d7a361be34a,
6393,2018,1,51,51,1a41b3a7-7e90-457b-851e-2e62c0a4e16f,
6394,2018,1,52,52,2cfe23c6-f2a3-4b7a-9e0c-e7c6ad33f85b,
6395,2018,1,53,53,0e166c83-953f-4983-8c53-32bc94f568b9,
6396,2018,1,54,54,4fcb744a-6d15-45ee-b42d-a7419a8c6aef,
6397,2018,1,55,55,363fd918-0467-4520-a8fe-4a63a22dda53,
6398,2018,1,56,56,009fa884-5b69-4044-81cd-28fa7005bf14,
6399,2018,1,57,57,ec9df8ed-172a-4d2f-a0d6-2dec2058bd28,
6400,2018,1,58,58,6e34022d-6b58-4730-a441-9185fea98a57,
6401,2018,1,59,59,7dbf7208-ecfe-4920-ad0a-3fca2e872bf8,
6402,2018,1,60,60,d47cad61-df53-42ae-b96c-73faf1cb0039,
6403,2018,1,61,61,f5c0a7cd-ba46-4c69-8fee-2d70cfc28c1c,
6404,2018,1,62,62,06f8a530-2f7f-456b-ac06-60343058cab2,
6405,2018,1,63,63,4b883d6f-90f5-4251-9688-0948cf3e952b,
6406,2018,1,64,64,68082aa1-32ad-4aaa-a33b-138858167f99,
6407,2018,1,65,65,3c4fe45c-64c6-4e70-9a68-17a85cba5369,
6408,2018,1,66,66,3a5206b2-2f83-4dbe-ba25-30086702aaae,
6409,2018,1,67,67,b38075b6-52fa-4583-bdcc-9e279a4e0568,
6410,2018,1,68,68,b9028950-7dca-4fc3-b560-619ab12d4388,
6411,2018,1,69,69,8776a90f-e159-4b50-be91-c2c1911c1819,
6412,2018,1,70,70,8c4135d1-fd7a-49f5-bdbe-464fd0c0585d,
6413,2018,1,71,71,2bd6cb0b-ca90-462c-a99c-0b91e0ead818,
6414,2018,1,72,72,aa30a70b-1321-4de6-ac56-3de61f013638,
6415,2018,1,73,73,dcefaffd-174e-4338-9c20-b35eff5d376c,
6416,2018,1,74,74,8443eed4-95eb-4b69-8da7-f0e1ec333d7f,
6417,2018,1,75,75,3f462012-97fa-4d13-bb8e-5c707c4d6d46,
6418,2018,1,76,76,ca18dabf-22cd-4a32-9320-d600df5ea6eb,
6419,2018,1,77,77,b36d7eb7-af17-400e-b76b-31e133cf5ca0,
6420,2018,1,78,78,1569d9e2-4ee7-4cfa-810e-20651f8b9f0e,
6421,2018,1,79,79,af14c90a-9730-4daa-a6f5-5ea7c3b4972b,
6422,2018,1,80,80,5b1b92c3-8770-45f6-9cdb-fea242ff2289,
6423,2018,1,81,81,ecd22a38-9cc3-4d77-990b-2ba061cbfc98,
6424,2018,1,82,82,5bb598d5-3c62-4d1c-87e5-98745144a408,
6425,2018,1,83,83,809b6c73-3294-4471-ae13-f0a8b819a6c4,
6426,2018,1,84,84,41581e72-5560-4978-bdeb-e287d9319b52,
6427,2018,1,85,85,923c8a84-28dc-4068-9a31-c45330ccf84f,
6428,2018,1,86,86,472fb9ae-d926-45eb-9048-4dd06bb4000b,
6429,2018,1,87,87,168b3e23-4bd6-4301-8427-5c773db9bc4e,
6430,2018,1,88,88,8dcce247-fc33-4993-b286-f03cab824fbd,
6431,2018,1,89,89,c7769b18-5255-4850-8e00-9f6f94e12b78,
6432,2018,1,90,90,671b6303-5f0c-4b18-aa62-763f7c2ec3bb,
6433,2018,1,91,91,224e722f-523c-40d8-b16c-2255e4334ced,
6434,2018,1,92,92,2d46b3be-2eee-454e-82ea-da39b217e705,
6435,2018,1,93,93,fb5d709a-9ff5-45a6-8b40-d80539133770,
6436,2018,1,94,94,3198c9fe-e5b1-4e3b-9b62-c5e320f40680,
6437,2018,1,95,95,b6fd0f87-b921-4f90-8e0e-631c571402ec,
6438,2018,1,96,96,40e6dca6-4d1d-40cf-a963-3bb21b5bed7b,
6439,2018,1,97,97,168a7a9f-ad99-4616-88f5-67413e521ee7,
6440,2018,1,98,98,153e4456-3319-46b0-ac6d-52063e26812d,
6441,2018,1,99,99,e1fe0a74-f4db-46b8-b337-a65b86a93649,
6442,2018,1,100,100,5579b1bc-4dad-4365-a745-ab4bde73565e,
6443,2018,1,101,101,09c0fee4-6f3f-4e6a-afb6-e8fc6050d513,
6444,2018,1,102,102,67095d9c-3e98-4270-96e0-55ec70ee58d7,
6445,2018,1,103,103,b25d134c-35c8-42ca-963d-7e41edef161b,
6446,2018,1,104,104,3c263456-becb-49f1-acab-61bba5af069a,
6447,2018,1,105,105,d870d030-e09a-4c2d-a82c-081abe8ce860,
6448,2018,1,106,106,44831799-9559-4cc6-b7ce-3cc86a7c0369,
6449,2018,1,107,107,8656ca44-94d7-45cd-ba29-c2983312843d,
6450,2018,1,108,108,7005dd51-f923-4d47-9064-6fe9aca65ee0,
6451,2018,1,109,109,d771f74a-ff8f-4217-ad8e-3ace7bf61afc,
6452,2018,1,110,110,30fa6dca-f863-47b9-918d-c753472596f0,
6453,2018,1,111,111,be7504a3-6a8f-4e33-b8e9-e97849b73824,
6454,2018,1,112,112,db9f4e1e-c46b-432d-ba17-d34b3a81a855,
6455,2018,1,113,113,79e1f228-56f0-41d9-b5cf-8d8f11ab89c6,
6456,2018,1,114,114,31143a3f-563b-4021-8406-c32618ca75b3,
6457,2018,1,115,115,b38f84e4-1c36-4493-88a5-33c1b1964f80,
6458,2018,1,116,116,2af8949f-8efb-42d1-82d9-790add37fd34,
6459,2018,1,117,117,caa4b574-0766-4c51-bcdc-56b654c79b18,
6460,2018,1,118,118,766ca6fe-7028-43d3-bf32-19e3d788529c,
6461,2018,1,119,119,28218ac8-204b-4337-b179-3256d7c3dc23,
6462,2018,1,120,120,bf674298-c086-4b9a-9d02-367d7d501b44,
6463,2018,2,1,1,97b9a0c0-99b2-4308-aff0-9d41f9f6d70e,
6464,2018,2,2,2,43a846b6-80dc-4952-8066-efaf16acda10,
6465,2018,2,3,3,a97439c7-5b95-4176-aad1-58e56f440cc8,
6466,2018,2,4,4,6898ce9f-3088-4daf-8a08-1bd82a677ed8,
6467,2018,2,5,5,bfacf9f0-9cd2-4c49-bd20-9add21b2e903,
6468,2018,2,6,6,78a97e3c-ae9f-4a0a-b290-5b35c3b4179a,
6469,2018,2,7,7,a57ec20c-7ec3-4537-8516-e6afd3be51e3,
6470,2018,2,8,8,c8d87e65-f6b6-43c3-9aed-67ef838402df,
6471,2018,2,9,9,b23b5a5b-b9db-41ea-9655-6e5f037417be,
6472,2018,2,10,10,a21c5b7e-fbf8-48e7-9ea2-4951dcfc64e0,
6473,2018,2,11,11,af10537b-6b61-4a2a-853d-70f52ebdf999,
6474,2018,2,12,12,cb781b37-d973-4f06-8ecf-bf6143ba05c8,
6475,2018,2,13,13,3b56ffa5-d1f2-4cff-9b80-d8784fcb0699,
6476,2018,2,14,14,9f81f84d-afeb-4ba7-a298-6104c978a6e1,
6477,2018,2,15,15,6f582c18-11d4-4e5e-b332-1d8198f86757,
6478,2018,2,16,16,7f62a6f9-e479-4f2f-9916-0636b9dff528,
6479,2018,2,17,17,b72cab5f-84b1-40c1-96c4-2ecdea49a292,
6480,2018,2,18,18,8d2a9ae4-fa9e-4d67-b123-6fb317a94f4a,
6481,2018,2,19,19,d50b878f-666e-44ea-ada6-4324d73044f3,
6482,2018,2,20,20,8cd01406-c785-4af1-b44e-7aaee05d0cb3,
6483,2018,2,21,21,54e61608-7d78-4b75-8982-adc216a43d41,
6484,2018,2,22,22,4be402c9-ff7f-47cf-955f-ba025a9f9d6a,
6485,2018,2,23,23,6f97434e-4077-4eeb-81b3-e2e427c62a39,
6486,2018,2,24,24,35501332-7637-4baf-b020-c4e5cac10777,
6487,2018,2,25,25,effe9649-aeb1-4b16-86e4-51a9e8bd7b5d,
6488,2018,2,26,26,b20f0db4-07c4-4aef-a591-4f0593df4ac8,
6489,2018,2,27,27,c5d6d528-06d3-4ffc-9ba7-2532fd966e25,
6490,2018,2,28,28,0c6e0e53-4643-44cb-8550-b95fccf055f0,
6491,2018,2,29,29,2f20d5c6-e50c-4e8e-9f1b-fe136adf6fff,
6492,2018,2,30,30,b7b6e5d7-04c6-4f1c-8682-ef3e0e15789e,
6493,2018,2,31,31,05511c69-4f3d-4517-8c0c-81509de0196f,
6494,2018,2,32,32,e6f4ba07-9761-4c69-a273-a59b825c054b,
6495,2018,2,33,33,0d4aa216-fdc9-4cea-af3b-e3c243abdac2,
6496,2018,2,34,34,97160051-efcc-4553-a6da-145394ae460f,
6497,2018,2,35,35,c5030ca1-d92c-4f48-8c59-97663ba71e20,
6498,2018,2,36,36,882d778e-48ce-4d22-9c3a-b934d409ff60,
6499,2018,2,37,37,9a90c307-f96f-4645-ad86-d2e71a81f6c8,
6500,2018,2,38,38,08187143-c6c6-448c-98d7-adcc8f1b6064,
6501,2018,2,39,39,079a2eb8-693a-4a9c-b8e8-cf9400757dd7,
6502,2018,2,40,40,5dae1ee4-d4f3-451d-add5-a6f11299a9db,
6503,2018,2,41,41,44b04b12-d50e-425b-8324-23496ecfaec8,
6504,2018,2,42,42,6f0c6664-85d1-40ce-9833-09745a0b9e84,
6505,2018,2,43,43,21ebff1e-ec6c-4ed7-8ba4-a23a431b67c0,
6506,2018,2,44,44,9930c634-64cf-4d46-988d-c17deb63644b,
6507,2018,2,45,45,ab684750-dd23-4475-8d3a-ab592e3576d1,
6508,2018,2,46,46,0d04f677-5692-4192-95fc-725b7556aee6,
6509,2018,2,47,47,b6e1c4b3-9900-4ea6-8ee2-a813254746d5,
6510,2018,2,48,48,f1a43052-669b-4dcc-abb2-c8d02a7816b5,
6511,2018,2,49,49,fba7d40f-4dbb-438f-bcf7-3c5e98329d87,
6512,2018,2,50,50,f1aa8cb7-d63e-4090-90f3-96afa54d980a,
6513,2018,2,51,51,85c663b2-09fa-4569-a1b4-4682778e03ef,
6514,2018,2,52,52,5b3f04eb-a9cd-4dd5-8475-50b23f1bbe70,
6515,2018,2,53,53,9e0f7daa-60e5-46dc-bcd8-ea9a5abce6cd,
6516,2018,2,54,54,9150e21e-7323-4ca6-a03c-a5f066d2fc35,
6517,2018,2,55,55,5138ba6f-a041-4da9-8e17-3e72bfc89172,
6518,2018,2,56,56,0d342eb1-91cc-4f38-be37-b95234f92204,
6519,2018,2,57,57,cf8fdefd-f14d-42f4-8254-f54864064b07,
6520,2018,2,58,58,b069df98-533a-4a7f-a7af-3d035d5dc4cd,
6521,2018,2,59,59,cfe5be38-d78a-4e85-b426-13f33a57113f,
6522,2018,2,60,60,4054fc84-c191-4416-8d41-95cd22679f2a,
6523,2018,2,61,61,f7d5331a-d01a-41d6-8607-623013352271,
6524,2018,2,62,62,6a612013-6457-4dd3-8b4f-48c80cfc6364,
6525,2018,2,63,63,01619cdf-31cc-42c5-b63f-0b6d3669a4c5,
6526,2018,2,64,64,e879369b-df4f-43c4-9b75-bf6d0695dd8f,
6527,2018,2,65,65,9907ae40-6291-45d9-8966-1a4c8c946ec2,
6528,2018,2,66,66,3f2bbd61-e491-4c2d-9687-166572a7602b,
6529,2018,2,67,67,0b630cf3-1518-4981-8111-2c3c6b626f2e,
6530,2018,2,68,68,90393f3a-730f-4b0d-a966-9e76b82b1a1b,
6531,2018,2,69,69,53cc924f-ec3c-4301-8d2d-770d1f8350c0,
6532,2018,2,70,70,63ec40d2-ce9f-4eef-924a-ea9900f4e5b8,
6533,2018,2,71,71,f73db561-ae43-4afa-8d2c-6787899d60ee,
6534,2018,2,72,72,0a3b24cd-28ce-4ad9-b5d2-07e8adc6b9ad,
6535,2018,2,73,73,06d07866-2fbe-406a-a614-283b47013766,
6536,2018,2,74,74,1038eebe-6799-49f1-9303-4e93f752b8c0,
6537,2018,2,75,75,2099f4c3-7df4-4f10-be70-ce0468427bdd,
6538,2018,2,76,76,de5093be-9062-4a77-b80e-28099bf8ba09,
6539,2018,2,77,77,c3bc1f0b-b783-4acb-895a-0a08e905b9c9,
6540,2018,2,78,78,6d89fa7e-e67e-4e2f-a002-43c49a3ee037,
6541,2018,2,79,79,d00de1a4-5c02-492a-99e4-cab55acbaa8f,
6542,2018,2,80,80,9459ea33-cad7-4fd6-affd-d6f295cc6784,
6543,2018,2,81,81,e3038d61-a434-4400-8e04-adbe098a32fb,
6544,2018,2,82,82,8221a05a-86e9-4ca2-9c34-fd9457f08174,
6545,2018,2,83,83,6675f1f7-9af3-488e-b8f0-c8a1ac216583,
6546,2018,2,84,84,6bd84c6b-da55-4073-8e9e-d7170fba4bc2,
6547,2018,2,85,85,f927a892-07b2-42e3-8f30-bd6c688947d8,
6548,2018,2,86,86,e362c1e6-5a64-4081-9402-70e44abc29a2,
6549,2018,2,87,87,4ec377c5-e113-40f6-be0e-0125adc2bdd5,
6550,2018,2,88,88,d5020a64-0e01-488a-82fc-acd975fd2274,
6551,2018,2,89,89,3f716be6-b91c-4375-8790-54f047ea2d82,
6552,2018,2,90,90,3aaa7fb3-1bf2-4b99-89af-82dc2abbd881,
6553,2018,2,91,91,6577f4f0-8d81-4bcd-bf64-834f00425861,
6554,2018,2,92,92,7eb3641d-fc1d-4ae3-befc-2656ef635f7b,
6555,2018,2,93,93,21319146-f288-417f-b3bc-b55ed47a61ca,
6556,2018,2,94,94,99631038-3165-4f06-b6da-238a9ffc240c,
6557,2018,2,95,95,f90c5a2b-da33-42e8-a729-87842fe40c00,
6558,2018,2,96,96,e1b69292-79c8-4be1-9bfa-7508318b3a6d,
6559,2018,2,97,97,828a90d0-88a1-4c4d-b3fb-240ca9f1fd71,
6560,2018,2,98,98,69633ef6-8944-4015-a377-d47b2adc0457,
6561,2018,2,99,99,8e3e30dc-af9a-4386-949b-4d8c742206df,
6562,2018,2,100,100,c42d0d53-8a80-4d8f-9a68-ab4db6aaba8d,
6563,2018,2,101,101,1a4c99fe-8959-4cce-8bb3-6d9a7e51f91e,
6564,2018,2,102,102,64822bbc-edd3-466a-b1ad-5ba809d90a9c,
6565,2018,2,103,103,c22788cd-c44e-4ffc-a24e-09f99a948b25,
6566,2018,2,104,104,fd4221fc-e7eb-443c-92a9-76bea32d5464,
6567,2018,2,105,105,2209b7c5-b0ec-41bb-9484-f46290b079fc,
6568,2018,2,106,106,75287610-ea3b-45a6-92e5-998470052087,
6569,2018,2,107,107,4f0eed43-d868-4f58-80a7-3bd5fcefc7c7,
6570,2018,2,108,108,25cf8485-4dfc-4d3b-be08-50f9eebdc2e1,
6571,2018,2,109,109,a1a53876-b953-432b-9bbf-9fc997dd83b3,
6572,2018,2,110,110,51061fb6-8343-4952-905a-1490e9f47aa3,
6573,2018,2,111,111,e807be30-1b55-4401-8a93-2b0f076d1fea,
6574,2018,2,112,112,382b848d-f534-45f2-a470-da50e43eaf5f,
6575,2018,2,113,113,00c9a098-fcbd-4098-a123-e06e9c0b118a,
6576,2018,2,114,114,8f0db099-afc1-40e4-acc0-50b2b751518e,
6577,2018,2,115,115,76aa813c-24a4-4b69-8c3e-be2d2318f3b3,
6578,2018,2,116,116,bc2196b8-bbca-4957-a8a8-73eeb6c54416,
6579,2018,2,117,117,53d569ce-e330-466d-ab08-568143967be4,
6580,2018,2,118,118,ecd20845-cf13-4312-bad3-511989314f5e,
6581,2018,2,119,119,b4034684-8c30-46a2-869d-4941004a6b3a,
6582,2018,2,120,120,96ae527c-96ff-4ad6-8ecf-9c0eb3e1fa30,
6583,2019,1,1,1,b6b2d801-d3af-45ed-9059-203024a2f4a8,
6584,2019,1,2,2,1c627ca3-28b1-4623-abeb-a5f7f92abea3,
6585,2019,1,3,3,a2881246-c1e0-4048-9e72-70f70eb8d4bd,
6586,2019,1,4,4,464d815c-844e-4297-90a7-c87a52282eab,
6587,2019,1,5,5,68bf3472-879a-41e3-baa2-ee65cb664d23,
6588,2019,1,6,6,fc162069-82bd-477d-a261-21de35d74486,
6589,2019,1,7,7,a4a52a5b-5857-4496-b741-52623ccae6dc,
6590,2019,1,8,8,83851af2-09b2-4d07-839c-f063a2a0cee2,
6591,2019,1,9,9,70db1bec-93c2-4922-847d-ad52a4da56b4,
6592,2019,1,10,10,178fb926-a02e-400b-b0f8-65ded6402dca,
6593,2019,1,11,11,6116468d-e078-4ab3-bf63-7a19018f2b96,
6594,2019,1,12,12,4d330e77-3a2e-4456-b632-ac65d68b37ce,
6595,2019,1,13,13,478a6592-dcff-4f96-91ec-443dc7d0d372,
6596,2019,1,14,14,73db7bbd-f584-4f52-8712-ea75ab4c3ef5,
6597,2019,1,15,15,d52adb43-e45a-458f-9679-49bce1345807,
6598,2019,1,16,16,49458d76-3301-40e6-8afb-019d77d2aca4,
6599,2019,1,17,17,757fe812-a976-438a-9b57-781592da51d8,
6600,2019,1,18,18,80be38d9-b0fe-4cff-932d-c237ea954dee,
6601,2019,1,19,19,de09b650-e3c5-458c-9af6-c5df337d167b,
6602,2019,1,20,20,10b691a9-6b6d-4660-92c6-c1792c3e5ec0,
6603,2019,1,21,21,d767f4cc-79bc-4a21-a4dd-5962c465663e,
6604,2019,1,22,22,28d76866-af01-4e18-a55e-bef1c47c58e4,
6605,2019,1,23,23,b535dea2-cfb7-49ee-a0f7-a8402a1ddaa1,
6606,2019,1,24,24,4a312859-b815-4553-b226-abed7b44be33,
6607,2019,1,25,25,bdaf5a1a-d17c-4284-9b5b-ac1d4e833da0,
6608,2019,1,26,26,e22ccf95-0eeb-442a-a6b7-c507a00c0320,
6609,2019,1,27,27,0a6ee68c-f96f-498e-9866-9c35bde92e83,
6610,2019,1,28,28,6ea01b00-2891-48ba-ae05-b0b32253acb7,
6611,2019,1,29,29,772a9f5e-92b5-44a4-81d4-311742e987bb,
6612,2019,1,30,30,35c334c7-df20-48cd-bdd7-14bc4814eb8c,
6613,2019,1,31,31,3a72024d-6b02-4868-bb3f-c9e34e2c1049,
6614,2019,1,32,32,affdb876-a182-4439-b5a2-87f9dc1d44ea,
6615,2019,1,33,33,b67b82c4-e3ef-43f3-a8a7-b4482730fe02,
6616,2019,1,34,34,01e78c4c-32a5-4ed2-ac8b-dafb686eebb1,
6617,2019,1,35,35,0a84f3d8-d054-4ba3-afcd-fd88e1275b11,
6618,2019,1,36,36,6f3a1f23-4aee-4768-a1d0-bb163b294a43,
6619,2019,1,37,37,1cb8a5fb-aae4-44d5-a098-d1c5d411b9b7,
6620,2019,1,38,38,50f14c22-0d76-4e0f-8a77-3db5e2512c08,
6621,2019,1,39,39,c6bde26e-6119-48df-8edf-f78a31e30ee9,
6622,2019,1,40,40,c72e20e2-91ce-4e21-824f-5faaec0b228b,
6623,2019,1,41,41,ce25e5bb-74bd-47a4-8cd0-8b26e6aa6ae5,
6624,2019,1,42,42,0626c909-c508-4c8e-8c46-c3d618e965f9,
6625,2019,1,43,43,d16b92fe-52f3-4de1-9c86-782a907b8ff8,
6626,2019,1,44,44,fb3a7bbc-7e4a-4fc1-9c7f-c9d125a580c5,
6627,2019,1,45,45,00679f5a-3d0d-40e3-aa37-40e2dc4d5392,
6628,2019,1,46,46,a40bc138-9ed6-48c0-8b7f-aaa3388e4661,
6629,2019,1,47,47,faf26923-0254-479e-8c0b-aeece6520adf,
6630,2019,1,48,48,ca39a470-6685-45cf-a045-b5ce51f9ea4a,
6631,2019,1,49,49,67841646-fbe6-4142-92cd-164ec35e0984,
6632,2019,1,50,50,907f5517-55f4-4b9d-89fc-74c71cf91345,
6633,2019,1,51,51,fe792d02-9745-45ca-8d56-0ccd14415564,
6634,2019,1,52,52,722fa95c-d00c-4302-8603-d95968e1d7eb,
6635,2019,1,53,53,0fc7a829-8160-4f57-97e2-04cb9167d7bb,
6636,2019,1,54,54,b0481b48-14aa-49cb-8aba-807aaba6a64f,
6637,2019,1,55,55,8f4a9936-4831-41b0-b35a-9d29dab502bd,
6638,2019,1,56,56,b66d6a73-15eb-4c87-a313-475bd11d592f,
6639,2019,1,57,57,1d78c001-a763-49b4-ac81-717b5560c956,
6640,2019,1,58,58,16c96b0f-181d-4a0c-ac17-cd13fb21af89,
6641,2019,1,59,59,36d6fe54-a29d-4efd-8f3f-c14d4329fc5c,
6642,2019,1,60,60,27f73aa8-abec-47de-8045-34a71871a05a,
6643,2019,1,61,61,b283938c-67a9-42b0-b5fd-be73d155a45a,
6644,2019,1,62,62,c1919da5-b92b-4576-93b7-b92c538a1c10,
6645,2019,1,63,63,7d7c9e61-6757-4879-9227-e2c0d1f91146,
6646,2019,1,64,64,8ecb4be3-18bd-40b9-aae9-63a4f59eed62,
6647,2019,1,65,65,cf8f685b-b42e-4906-9a68-6aa47094b248,
6648,2019,1,66,66,8bb6dec1-cfe3-4837-99a0-79a09d0a0fdb,
6649,2019,1,67,67,153bf501-cfbb-4527-9fbd-b17db67c92a3,
6650,2019,1,68,68,099f14e8-759a-4461-8cbf-871bc7addeee,
6651,2019,1,69,69,a951358d-53ce-4f37-92bc-29081c29860c,
6652,2019,1,70,70,1548619e-5c94-4034-87ab-d2f8c4560162,
6653,2019,1,71,71,e4ffab38-2a9d-4a75-b18a-df126db4afda,
6654,2019,1,72,72,647a0ced-93be-42c6-9a55-3ab3b686306f,
6655,2019,1,73,73,1434c6e4-7ee6-4a9a-8bfc-2338d2051b15,
6656,2019,1,74,74,455d403b-abd9-42b4-a06c-2019a144bfa1,
6657,2019,1,75,75,fbad15bc-cc4e-4d1a-ae7d-220bac69eda0,
6658,2019,1,76,76,8f69b253-cdfb-4074-8506-b114ee972fd7,
6659,2019,1,77,77,492d50b6-c196-4882-bf11-42a3e3b12a3e,
6660,2019,1,78,78,b8c67fab-1b0b-4f13-baa0-8a651d4a5db8,
6661,2019,1,79,79,415bc703-9556-444d-a07b-a9aeae17731a,
6662,2019,1,80,80,4b63996b-c304-48cd-b84b-b34f9289b94b,
6663,2019,1,81,81,4f8946e4-b98b-4695-8c3b-b04becc5b8a9,
6664,2019,1,82,82,4281775e-1838-477f-9b7d-a05cd6c766e4,
6665,2019,1,83,83,52aa7bb8-5e06-4d97-98f1-1f91e53f0eef,
6666,2019,1,84,84,fdd4bfc3-0d22-4cfc-a1a5-7d8979936c77,
6667,2019,1,85,85,b1098428-7ca4-4027-bb1f-931a154e46ea,
6668,2019,1,86,86,17e4338e-1cff-4147-b7a4-3c19705164fd,
6669,2019,1,87,87,57bbe4a7-3498-42ce-9087-6bf7e9d3ac01,
6670,2019,1,88,88,63f66411-3c3b-43f6-8b3e-1336b434f618,
6671,2019,1,89,89,d65fd372-5e3e-4a57-a413-0f9fb349cd28,
6672,2019,1,90,90,4fa765ec-1696-4529-bd68-3bee18551e51,
6673,2019,1,91,91,5c5d2da0-13c5-4dd5-adc1-ea028785b27c,
6674,2019,1,92,92,db507afe-3340-4c86-9e60-2b6394975592,
6675,2019,1,93,93,b57f9763-fe58-4390-b0df-4b5d37b15e70,
6676,2019,1,94,94,7c1d9e81-6a33-4a88-80f9-9246b1961aac,
6677,2019,1,95,95,3748c24c-0e85-4690-a42d-732434480c91,
6678,2019,1,96,96,766edf3f-b626-48d0-bc6c-d31c9448280c,
6679,2019,1,97,97,648d407e-4fcc-4381-8970-883b05d56596,
6680,2019,1,98,98,f86baa33-3a88-441d-a1f9-e7f12db0e2c5,
6681,2019,1,99,99,09e49d6d-9941-4bb9-92d8-a492988f5d29,
6682,2019,1,100,100,ef2e5c7d-055d-4650-a322-afdda60ef453,
6683,2019,1,101,101,e630a6ad-c4d6-4004-8630-2ecb3715b992,
6684,2019,1,102,102,b4b55a75-694d-43e2-804e-21edd0f52755,
6685,2019,1,103,103,a8d8e966-eaec-47eb-b0c0-4c17386964fe,
6686,2019,1,104,104,8975e3d1-8822-4388-af14-da031dec4a3d,
6687,2019,1,105,105,d6bf5f95-8e2c-4655-9b77-f9901a4b7694,
6688,2019,1,106,106,555609dc-16ac-4ee6-af97-80f8995986c8,
6689,2019,1,107,107,a4410397-316e-4e41-8c6e-a5e7aea7aef0,
6690,2019,1,108,108,16001c2d-6552-4665-aae0-954fb38cd2a9,
6691,2019,1,109,109,f093f8a0-ec25-47ed-a9a9-68e42d1e36b0,
6692,2019,1,110,110,7e558474-7f63-488a-a89f-63cf858e166c,
6693,2019,1,111,111,fef249d4-d119-44c1-bb78-66fba3b8aa30,
6694,2019,1,112,112,e9b14e20-2b71-4a6d-829a-d5b2388696c0,
6695,2019,1,113,113,2558572a-00e5-43a7-82a9-639c9d7a5cbf,
6696,2019,1,114,114,3aba25bc-cdde-4a2c-ac61-0dedf5ac3195,
6697,2019,1,115,115,3502ba5b-2653-4c42-94d0-7db654d1629d,
6698,2019,1,116,116,1d349a31-9b8a-4223-bff7-2270dece1e96,
6699,2019,1,117,117,b93d02ea-29de-4b93-adb1-afff0a76fd96,
6700,2019,1,118,118,2bfe2922-e02c-424b-b608-b09be03a845b,
6701,2019,1,119,119,73bbd4bd-6e20-4301-bb98-43c58677ba49,
6702,2019,1,120,120,8c2e89f4-e243-4d0b-9c31-becba94d0613,
6703,2019,2,1,1,5ee79f90-50e3-46b6-a359-76ab3e1991a2,
6704,2019,2,2,2,e83b71e7-2b1e-47f3-9f66-2ed0ffcc2ade,
6705,2019,2,3,3,be97b3dd-c3dd-4840-84d8-9e9e150abef0,
6706,2019,2,4,4,8d292d69-33f0-4cec-9ab5-2a52d6542722,
6707,2019,2,5,5,d8a9b058-53c3-4631-8d86-a35838c61bc1,
6708,2019,2,6,6,9874d4c2-a39d-4a20-b143-76f7f423e920,
6709,2019,2,7,7,e6d559c9-142d-4bd7-bb2b-5d3ededc5665,
6710,2019,2,8,8,8862245c-a3ed-49c3-87c5-80f5b225f4bd,
6711,2019,2,9,9,efee7a16-80dd-43e7-ac31-1c012b401bce,
6712,2019,2,10,10,8523032a-bbd5-48d7-bfea-47595b357ff2,
6713,2019,2,11,11,4a7cef9b-d395-4f49-9681-d4946f6c19a5,
6714,2019,2,12,12,afa0ace1-4495-4cc8-a8fc-36531ebd9c06,
6715,2019,2,13,13,5f2707ea-cc4c-4cdd-8fb9-308e1e1d272f,
6716,2019,2,14,14,f1f89550-2a7d-4158-a9e5-5585bca03210,
6717,2019,2,15,15,db28cc56-9354-4a90-afbb-3a0e1ba97671,
6718,2019,2,16,16,cdc30b32-5302-4585-bcc5-84acb18afa49,
6719,2019,2,17,17,3e71f34f-d50f-49ec-9a4d-220f46f62b4b,
6720,2019,2,18,18,963057fb-d733-4a17-8a30-4511b3d0173c,
6721,2019,2,19,19,0f440286-2cfa-4447-ac2d-349b34865c7a,
6722,2019,2,20,20,e4222375-7310-4e63-9c77-45e13d8bd969,
6723,2019,2,21,21,3a12509c-5825-4540-aa5a-eddcccc6e5d5,
6724,2019,2,22,22,87588a61-b6a4-4ae6-986c-2912d97af921,
6725,2019,2,23,23,21291fdf-439a-4761-b2d0-8be675f1d577,
6726,2019,2,24,24,48947bbe-978e-4526-bead-b3f403b0a4da,
6727,2019,2,25,25,3d0f88df-8c3a-4328-a71e-8daaae0d435d,
6728,2019,2,26,26,e4c39935-38bd-452f-afe6-c914cfb00a84,
6729,2019,2,27,27,3126c8f5-74e5-4054-b452-447a03562b65,
6730,2019,2,28,28,35075385-5759-48d0-9b5b-8e7a9323f297,
6731,2019,2,29,29,4a56bc79-187a-46e9-95b4-215997f96e11,
6732,2019,2,30,30,185f77f3-85d8-46f8-a8e2-1bece1c8c8e0,
6733,2019,2,31,31,a98b5ca3-9aa4-45e8-b8e4-bc5f0f09331b,
6734,2019,2,32,32,1dde990e-588d-426d-a0db-fd7da6f5fb07,
6735,2019,2,33,33,6323d298-1ca1-404c-a755-1f330002091f,
6736,2019,2,34,34,7992db0d-d9e4-4f62-83ff-1c24c044d570,
6737,2019,2,35,35,8b52555a-3764-436e-8c61-03bc612e338d,
6738,2019,2,36,36,a6bfa242-044c-4867-bdff-44e1779bf6dd,
6739,2019,2,37,37,f5b7f2ca-67ed-409f-aff8-5c5a6fd5c01b,
6740,2019,2,38,38,67994529-20d2-402a-bf66-b0024a709ca1,
6741,2019,2,39,39,ac076e6e-c1ea-4e2a-9d1d-2ac64e5fc617,
6742,2019,2,40,40,af743a3c-7df2-43ea-b33b-53ce8e012c10,
6743,2019,2,41,41,5d73de3a-cbed-4838-8ee8-10f7b0440790,
6744,2019,2,42,42,15b0b358-197b-4bdc-be73-8af46c7b5b65,
6745,2019,2,43,43,c5a7b1bb-a4d9-460d-bc88-ea0292d641a7,
6746,2019,2,44,44,714e00e6-6442-47dd-9b3f-93640a5c23da,
6747,2019,2,45,45,4b56d2e3-89d5-4974-a27a-6db31506a9c6,
6748,2019,2,46,46,af925c33-6f27-489b-a2a2-5bf44ac4ed56,
6749,2019,2,47,47,725af628-28bd-4068-a15f-cb6333b8e97d,
6750,2019,2,48,48,9cfb3535-45bb-426d-b76b-7dfef6bdf593,
6751,2019,2,49,49,f1a20609-395d-4d15-b2e0-2984dd118c01,
6752,2019,2,50,50,ab2522ca-b4db-428a-9a3c-9ca1cde2eb28,
6753,2019,2,51,51,199b0b27-f321-4b9a-9984-e6eca33a666b,
6754,2019,2,52,52,46413c42-0fe4-435a-ac05-5ad2a68dca34,
6755,2019,2,53,53,c87853c0-5092-4f31-8c9e-4e18fc614965,
6756,2019,2,54,54,0bbb2d9f-16d7-47c4-9e34-78246b7559c3,
6757,2019,2,55,55,6505c14f-b12d-4652-9ee8-95eab3d674fb,
6758,2019,2,56,56,2dfc2761-ba4e-4d42-be21-50e2386eb258,
6759,2019,2,57,57,57ca6ec7-837a-4c58-999a-d25c39d5ee28,
6760,2019,2,58,58,a3153326-2b71-4fba-a3f8-7a4f15c73ab2,
6761,2019,2,59,59,a93ac33b-47cb-41fc-a0f8-653e1de3ab18,
6762,2019,2,60,60,af64c708-3cb5-4685-8fda-8400696bac48,
6763,2019,2,61,61,5e2f343f-eb96-46c6-b67a-b2aca152c0ab,
6764,2019,2,62,62,493446f3-41f9-4f88-bf8b-3a221437593c,
6765,2019,2,63,63,a250debf-5276-4f18-bf2a-9e38aad02671,
6766,2019,2,64,64,097519b9-e4b8-4756-a617-71257a778b09,
6767,2019,2,65,65,acf41dc0-8c0f-4910-96e1-7ef2c235f931,
6768,2019,2,66,66,b824caf0-c627-4bc3-832d-5ebbdbba52cf,
6769,2019,2,67,67,e51f6832-d1e5-4f53-8f26-7e48884684c2,
6770,2019,2,68,68,bb88aa15-bb51-4c42-bb3c-f30535c70835,
6771,2019,2,69,69,4d79577c-4200-4aa0-9633-e988c740ec3a,
6772,2019,2,70,70,c0c9ce63-5a5c-4aa3-a475-f56532b34f54,
6773,2019,2,71,71,62f24eda-3e24-46b8-9241-2339eaf8c8e5,
6774,2019,2,72,72,a89965ca-4318-42ca-8869-af0a00b16ea0,
6775,2019,2,73,73,a1626e0a-1989-4520-963f-3fea000af0bf,
6776,2019,2,74,74,73343155-9f46-4e59-993e-6a70d065f4db,
6777,2019,2,75,75,658513a8-fcaf-4e97-81ea-f7cf07b2c33d,
6778,2019,2,76,76,cdc13d39-fb09-4b79-9a1e-de3dbca70f72,
6779,2019,2,77,77,0c535c4b-79d6-40dd-b168-9b0d5e13158f,
6780,2019,2,78,78,5d62c883-1bc6-4155-89a6-a09fd3e1963f,
6781,2019,2,79,79,7f9c9b04-c1cf-43d5-a2b0-297c1c79cebf,
6782,2019,2,80,80,c3933328-a06d-41ba-a61d-9b41f3d43459,
6783,2019,2,81,81,69eebbac-8365-4d8b-aa9a-e4bb736e7469,
6784,2019,2,82,82,95e80a28-5c99-4af3-96b5-6c435bdc03f1,
6785,2019,2,83,83,ec21b417-e519-4add-b899-9cc28d335e40,
6786,2019,2,84,84,c6eb2d15-0378-47cb-9df9-09db6ae31027,
6787,2019,2,85,85,e6e18a4e-5efd-430b-bd44-47243ec78888,
6788,2019,2,86,86,43d2c588-3269-4992-96e2-12815a4fa85a,
6789,2019,2,87,87,c5656fe0-4dcc-43c5-ad9d-e982a40435e7,
6790,2019,2,88,88,46b6bc5f-fd37-4087-9733-852aa2bda533,
6791,2019,2,89,89,1a92db38-2fb3-40a0-ade7-26c3850817a3,
6792,2019,2,90,90,44f86ed3-15b0-4648-940c-d155923f3eec,
6793,2019,2,91,91,76a85dc6-8281-40ec-a88c-32ad21846749,
6794,2019,2,92,92,478fe87c-978c-4ab5-843e-f5fc3b5b2864,
6795,2019,2,93,93,0ae626f2-1c9a-4e3f-a464-8c57c9e7c0d7,
6796,2019,2,94,94,9c18d7a2-9fb0-4427-b126-9678db4d9f20,
6797,2019,2,95,95,5b4916cc-7ca6-47b0-b754-9b4102cf93e8,
6798,2019,2,96,96,a143d3b5-93b5-46b6-90b8-e3c558f03efe,
6799,2019,2,97,97,f5792ade-b681-4a10-91f6-ca93ffad7af3,
6800,2019,2,98,98,d51a80da-56be-4169-b7f7-cb9c433074f8,
6801,2019,2,99,99,692f39f3-73d6-4ab0-8814-41b51873d525,
6802,2019,2,100,100,e196dc78-8d5e-4fb3-8159-47667c5faa85,
6803,2019,2,101,101,ff0bcefc-8d5b-4f6f-bdd8-c563fc664e3e,
6804,2019,2,102,102,7508076e-4e61-4388-892b-866b587d93eb,
6805,2019,2,103,103,4ba3cb19-910b-4a91-a19a-1ecea33b87fa,
6806,2019,2,104,104,413871b5-09d8-4662-b059-66621d9c1df6,
6807,2019,2,105,105,d4c67808-7f99-4cf6-bd92-96b313be0ce0,
6808,2019,2,106,106,b4f2ca10-87e5-4c77-b52d-a4bc8ff97e72,
6809,2019,2,107,107,b25c6922-4bba-4d47-b25b-edf09b427413,
6810,2019,2,108,108,92c782ad-abce-4139-aed1-d82ae8444ca0,
6811,2019,2,109,109,0e859cf7-0c78-40d7-bb69-636f8e1cfb3f,
6812,2019,2,110,110,a58602a2-784e-4d6c-9736-3a56890dd54a,
6813,2019,2,111,111,6f17d00c-a8ce-48a9-b797-a83a9ecec0a2,
6814,2019,2,112,112,71080cb7-108f-40d0-9b35-c3db24a891a8,
6815,2019,2,113,113,651eebf8-f473-4068-b0de-0023e5a110bf,
6816,2019,2,114,114,248ebf1e-64e3-4083-9f26-ecebfae5ef30,
6817,2019,2,115,115,fa86ba66-e4bc-433a-9ec2-611bec5a16a9,
6818,2019,2,116,116,4e62c892-3fc1-4838-916b-ea11a3260b44,
6819,2019,2,117,117,d2dfd9ba-9df8-4d85-b7af-e66badaa1440,
6820,2019,2,118,118,80e03dda-08a7-4f6c-85ca-cac353102c04,
6821,2019,2,119,119,2a63f84e-ceb4-4734-b596-496e082491e8,
6822,2019,2,120,120,9b8f280c-fb0b-4fd9-946f-9e820beddb84,
5368,2020,1,1,1,16a128ab-1c49-4016-a5f6-9b81a2fee877,
5369,2020,1,2,2,65c737fb-56da-4349-8879-75942277e35f,
5370,2020,1,3,3,2b6ddecc-c8e7-4db4-ad21-a1ab652ab0be,
5371,2020,1,4,4,5c5e5d11-eb97-4291-be7d-edfe5ef96578,
5372,2020,1,5,5,c7cb7735-e89b-4732-bb6e-3f202303ad3c,
5373,2020,1,6,6,c6a4396d-4c3a-4335-8daf-117c4b86c783,
5374,2020,1,7,7,c86e2d09-87df-4a37-8e14-527b68d33f57,
5375,2020,1,8,8,2bc7cdab-e714-46bc-8730-e264cc22e56e,
5376,2020,1,9,9,747a8f76-7593-4c59-b778-d0ebb8d5879f,
5377,2020,1,10,10,6db408d7-30ef-4f42-b931-10820f84c811,
5378,2020,1,11,11,b2628681-92f9-4d40-b43a-a86e39f9f007,
5379,2020,1,12,12,92200bbf-44bf-4908-bfd9-800da793874f,
5380,2020,1,13,13,e4738ef5-5dfd-4297-861b-266e7c2a5bc5,
5381,2020,1,14,14,b9a87483-4877-4b93-af63-5fbf2958e5a7,
5382,2020,1,15,15,a1089a73-e53b-48bf-af6c-ea7dfde70138,
5383,2020,1,16,16,4de08421-1c8c-4fc2-a3b0-62c6815fcdaa,
5384,2020,1,17,17,5c99da24-4d87-4d96-99d4-8274cf445e49,
5385,2020,1,18,18,a68afc3f-9fc3-4ab2-b99f-2ed7cafdaafd,
5386,2020,1,19,19,8b7ee568-a538-4cbc-a234-7d1c8bd8714b,
5387,2020,1,20,20,994362d7-8c05-48b4-962f-3f99bc1003f8,
5388,2020,1,21,21,38fcbcba-e15a-4078-a680-6e989bfa1dcb,
5389,2020,1,22,22,8eaac9bf-f08c-4346-ae13-e36a4e6a1b94,
5390,2020,1,23,23,5886b3f7-46d6-4b81-bf78-346133283052,
5391,2020,1,24,24,d31df55a-b298-4e5a-9630-adc32d5a2df1,
5392,2020,1,25,25,018ced8b-3adf-4217-87da-eb83a35f00dc,
5393,2020,1,26,26,9152ee34-c308-481f-9e88-700c35769007,
5394,2020,1,27,27,aa50a55b-e8a4-469c-81a6-87c6cb46f90c,
5395,2020,1,28,28,05d15d16-7208-4bea-909f-9a525511492d,
5396,2020,1,29,29,1386e3e9-f907-4604-b2c9-e7f807d47301,
5397,2020,1,30,30,4e1c836d-3f9e-488e-b03d-0f607377d27e,
5398,2020,1,31,31,ca270386-b51d-450d-9eca-967580b9c483,
5399,2020,1,32,32,54471a64-3b5f-4814-856c-46568144f279,
5400,2020,1,33,33,66c8fdfa-af37-4a2c-ab94-996bfa9131a3,
5401,2020,1,34,34,49e2c85e-c2bc-4e7b-a4e7-128a1ae47be6,
5402,2020,1,35,35,0433bd74-ac62-4d51-9ec9-41e830522b76,
5403,2020,1,36,36,9f34780e-b0aa-47fa-beaa-09466fcc75ae,
5404,2020,1,37,37,7c3c1adb-7851-4b37-b38b-9ba758b15023,
5405,2020,1,38,38,50854bd5-b416-469a-97df-12f8f0450f57,
5406,2020,1,39,39,71ee1e04-752c-4807-b3cd-c99460dfb8ad,
5407,2020,1,40,40,2d1793db-4320-40f9-b014-4dbbba18c3fc,
5408,2020,1,41,41,3b13c10b-4437-446d-ad47-2472103dd76a,
5409,2020,1,42,42,38ef3954-6433-4335-bd93-f317284cb5d3,
5410,2020,1,43,43,9dca187a-1d32-4df2-aec7-734c0e4e6620,
5411,2020,1,44,44,86e1d4ea-9806-49a5-81a7-1fca9904e75c,
5412,2020,1,45,45,f89aca11-851d-490f-90db-f71c83489158,
5413,2020,1,46,46,42be7d76-bd1b-404c-8f24-61bf11d3bb1a,
5414,2020,1,47,47,46f8244f-bbdc-4447-bf33-ac53e5dff63d,
5415,2020,1,48,48,a16356cc-db02-4adf-af10-451431843903,
5416,2020,1,49,49,526f25dc-36e3-4c6b-b969-00688c4eef57,
5417,2020,1,50,50,74fe18e8-24ad-4dc6-809b-f7ef0eae07fb,
5418,2020,1,51,51,f194ebd1-26b9-4a35-97a0-be3670c528d8,
5419,2020,1,52,52,d88de674-93f1-407a-9280-a097339c29ad,
5420,2020,1,53,53,07440b46-cdc7-4ea9-a8ab-efbf08053bb5,
5421,2020,1,54,54,5407dc1e-b5c3-4d8b-8091-e5c459b3c87a,
5422,2020,1,55,55,f60b8abf-e386-4048-b6b2-b87641ce9b76,
5423,2020,1,56,56,44f8b176-d457-469e-a15b-6615c267e523,
5424,2020,1,57,57,37681e30-0e21-4732-b0ad-0061fa96aa65,
5425,2020,1,58,58,e1e8d91d-a14d-4905-b653-bc8a2f66e7a3,
5426,2020,1,59,59,9bce1408-eb2b-4159-84e6-b18cf20eb014,
5427,2020,1,60,60,b004ea84-858c-4115-9a59-0485abaa0145,
5428,2020,1,61,61,27564d87-8556-4a1d-b43d-5420b3e483ef,
5429,2020,1,62,62,ec18e8f3-7573-4914-8ed3-7c09c9b8039e,
5430,2020,1,63,63,68a3eb75-26dc-4553-8138-c52c85bc0ca0,
5431,2020,1,64,64,54362327-417b-4af3-9d4b-5cba97744e34,
5432,2020,1,65,65,697a6a31-329c-4204-92dc-a13d0c2ff6cf,
5433,2020,1,66,66,54e89a9d-b784-443d-892e-983e1d5a3f70,
5434,2020,1,67,67,cda5d300-7e9e-4648-a615-859b3fdf8b1b,
5435,2020,1,68,68,d0fe32d6-869b-4b09-b131-c376564ec5cb,
5436,2020,1,69,69,d8bafbb4-5512-4ee7-bd39-9b732ddfdab4,
5437,2020,1,70,70,65cdbef7-fcec-4ddd-8598-68aef84f5523,
5438,2020,1,71,71,a3534cc0-24fc-4d69-9312-fa93359a8166,
5439,2020,1,72,72,c30af1e1-5fc9-41a0-8922-dab4cdf69d5e,
5440,2020,1,73,73,52cfa365-72b5-4d61-89a7-9dd6e09dd6fd,
5441,2020,1,74,74,a47a68d9-551a-48b0-b829-6a6bd5946d5a,
5442,2020,1,75,75,465f4073-6983-4ff5-b857-4597a419eca7,
5443,2020,1,76,76,359a054a-e785-4dc1-946d-9de4b3f27588,
5444,2020,1,77,77,b429d622-9985-4863-9c32-5a5142dbcac3,
5445,2020,1,78,78,14c532bd-e5c0-458d-bafa-e1f8dcf02636,
5446,2020,1,79,79,d6390863-1738-4499-8ad0-73f2f356d7d1,
5447,2020,1,80,80,061d9bf3-8b68-4e6e-86e8-c39a1342ed47,
5448,2020,1,81,81,1b18c7a7-9ad1-4c87-ae93-439d49759711,
5449,2020,1,82,82,8a858f60-b86d-444f-a19a-e26abcaebaa9,
5450,2020,1,83,83,b52b81cc-009a-4f29-a933-1bf0402b6e78,
5451,2020,1,84,84,3afe094b-693a-4347-9ca9-85c186a96c81,
5452,2020,1,85,85,90c16944-4bda-4da6-a69c-c551b70acf45,
5453,2020,1,86,86,53aedcfd-e5b8-4584-bd8f-322b0007637a,
5454,2020,1,87,87,9d248f14-4492-4ee4-b457-273fd00b6035,
5455,2020,1,88,88,070b817f-62a8-494d-beb6-fa7b12de9c81,
5456,2020,1,89,89,6e019599-9708-44d3-9553-02f0c0be0e05,
5457,2020,1,90,90,edabca48-e4e6-481b-9c06-07783e5ae3d2,
5458,2020,1,91,91,97c129cd-5862-4956-a9eb-11bc3ae0a3e5,
5459,2020,1,92,92,ac6988c3-a762-47b1-8622-363bf9ed0282,
5460,2020,1,93,93,d738805c-b70d-41d1-a435-2993fd6c1cd3,
5461,2020,1,94,94,8d0b55af-5cf3-4a81-b482-336fe473b70a,
5462,2020,1,95,95,7d5e834a-be5d-4517-aa8f-c3751b3c2200,
5463,2020,1,96,96,a6aa8b8c-484f-4e05-b296-94122d88a8d2,
5464,2020,1,97,97,24be3bdd-52b5-4fd0-bc5e-3e682957047b,
5465,2020,1,98,98,cbf1d091-1590-4124-a87d-d9b760f15bcc,
5466,2020,1,99,99,b0ce3083-528e-4168-b0f2-0a2cd8703673,
5467,2020,1,100,100,c9689507-843b-4233-b20d-2eaed088f3f3,
5468,2020,1,101,101,2f8da37a-6fec-4c9f-84eb-fb829e1dea75,
5469,2020,1,102,102,9cdf4468-41d5-41ee-9162-db8eed8e12f1,
5470,2020,1,103,103,caf85d1c-7a37-4b6c-8d35-94c0a2ce6421,
5471,2020,1,104,104,d96304fd-d83b-4ec3-ba3f-4229223d5838,
5472,2020,1,105,105,d8cd0a7e-5f9f-4de7-a3bf-bcaf57b8f10e,
5473,2020,1,106,106,41b8b498-e47b-4847-892d-2d9d466be14c,
5474,2020,1,107,107,4c435bfd-c020-414a-b817-61cad961d51c,
5475,2020,1,108,108,bab3d4fb-b4f7-40b6-bac1-8d06643051d5,
5476,2020,1,109,109,7d716692-c1a5-4d3e-bf20-1131b0d12e58,
5477,2020,1,110,110,128be769-43a1-44d4-81fc-67ab54851e04,
5478,2020,1,111,111,e6c34a2d-54a4-4533-954c-8140c99f517a,
5479,2020,1,112,112,294931dc-1c40-4fb4-b4e3-5b4154af72af,
5480,2020,1,113,113,afe7c967-068d-4ffa-8a38-88323a996045,
5481,2020,1,114,114,b2b8f1b3-0e7c-404a-bfee-bcdec2194ad5,
5482,2020,1,115,115,15f3f113-2cef-492c-a987-01e908795b8c,
5483,2020,1,116,116,608fd443-c1a8-46f4-8724-af99843b98cc,
5484,2020,1,117,117,adde496d-d710-4f47-9b3e-a3bee9446afa,
5485,2020,1,118,118,b344177b-ed08-49ed-a403-860fe2593e44,
5486,2020,1,119,119,93b10beb-7ee6-452b-996f-1db7f9a4a080,
5487,2020,1,120,120,020e4c5e-c560-4c3a-bcbf-91a315344b9b,
5488,2020,2,1,1,03f5b53e-077d-4e4b-8584-aa0d2b1b77e5,
5489,2020,2,2,2,0df81886-7736-4db2-b326-182d476a9de1,
5490,2020,2,3,3,5f01b235-9385-4de2-92af-80576722b9f9,
5491,2020,2,4,4,b2622c98-ba9e-4ac3-8a71-213a4bde0385,
5492,2020,2,5,5,e937df16-c55a-4067-bbbc-ba0dcc556228,
5493,2020,2,6,6,2ae5c58e-970d-4fe0-94db-e484113aae74,
5494,2020,2,7,7,ed1c435e-60e4-4fb2-9cd7-df98f4ad7881,
5495,2020,2,8,8,d587e63c-840b-4708-9b76-06a443d0af13,
5496,2020,2,9,9,d33869da-34e9-4f15-b737-c9f7c48c11f8,
5497,2020,2,10,10,52032ccd-f68a-4673-88e1-e0fe35c0ab0b,
5498,2020,2,11,11,0fad1137-fadb-404d-9f6f-6f44529b3016,
5499,2020,2,12,12,e50e42d6-2b5f-44c0-9038-72f312b3a03b,
5500,2020,2,13,13,42790336-3d4b-45f8-b2d9-0b9992f9729f,
5501,2020,2,14,14,a7978fcb-fc9b-493c-b0d3-c68fdf24305b,
5502,2020,2,15,15,d9a06527-19ae-443b-b57d-138a674fddc4,
5503,2020,2,16,16,b670beb1-ca7a-4559-9e2b-3878efd42384,
5504,2020,2,17,17,279fb922-b546-4978-8437-e49ae98b1970,
5505,2020,2,18,18,ae2f7532-3dbb-4562-9bc0-95852e738ac8,
5506,2020,2,19,19,eec4ce3e-3471-469b-9cac-5e57e654e096,
5507,2020,2,20,20,48a092ab-6860-4d90-915b-7dcbdebbe35f,
5508,2020,2,21,21,17ce2637-6f81-42d9-bebc-1a524d14a847,
5509,2020,2,22,22,4d06e4d0-d963-4599-b638-dc15db860b4f,
5510,2020,2,23,23,f13f2b24-7451-4f14-8c61-eda2aa783b22,
5511,2020,2,24,24,db2344ed-d3e3-4d98-80f0-5c20fa9c2911,
5512,2020,2,25,25,a7e3a3b7-6092-4bfc-a794-7ae34a3babef,
5513,2020,2,26,26,8654defd-7af6-47a0-aa00-feb354083f2a,
5514,2020,2,27,27,d20ca5ca-6c39-4d94-bc04-ca290758a2a5,
5515,2020,2,28,28,c6a41535-726a-42ee-94d7-43c3c1d7acc0,
5516,2020,2,29,29,88888a91-019b-403e-8ea4-47f1fea4b465,
5517,2020,2,30,30,0cab17ab-f848-4644-a68a-599274dd64cd,
5518,2020,2,31,31,8b2e0d9c-8597-4a87-b504-d4c1a360304c,
5519,2020,2,32,32,cd7393ea-5c40-4b78-b10f-d45c1ecfb139,
5520,2020,2,33,33,dbc6ac4b-2ff0-466e-a7db-1d512b010c90,
5521,2020,2,34,34,4c773393-be2b-4bcb-bbc6-6faa8e7d20a7,
5522,2020,2,35,35,e1a339f9-0a7a-4848-b615-05c46fe578ee,
5523,2020,2,36,36,e48c6e24-ca6d-4c17-bc5c-307b89602daf,
5524,2020,2,37,37,2ba5a170-5d58-4210-8db9-6557bdab93de,
5525,2020,2,38,38,acb70366-b263-43ca-9114-84e606a44d33,
5526,2020,2,39,39,58da139e-2d15-4598-bbae-f46aea5ea782,
5527,2020,2,40,40,2a4bf073-f532-4525-9814-2c56ebdc2e63,
5528,2020,2,41,41,d80e75c5-c256-42da-beb2-81dd4d479c60,
5529,2020,2,42,42,e614744b-50fb-4d81-83e3-bdbda8ac23ca,
5530,2020,2,43,43,a6237219-f5b3-4338-b42f-40330c888573,
5531,2020,2,44,44,dcaced0d-27fc-4b67-ac51-bb4aada561ce,
5532,2020,2,45,45,70b30c6f-5881-4f1f-acb9-1059bbd020d3,
5533,2020,2,46,46,63f357c4-ba7a-431e-93ee-76f23a611a85,
5534,2020,2,47,47,68f35e72-ae30-421c-aa32-72ab4d8cc861,
5535,2020,2,48,48,c1ee4adb-fdeb-4910-8fcf-2ee04eeed13f,
5536,2020,2,49,49,84353164-5421-47cd-8093-0281b7aa581f,
5537,2020,2,50,50,5ecd535a-d1bb-4876-aaed-70c50e5d2600,
5538,2020,2,51,51,c27e96f5-c478-45e3-b562-96ff13c854e7,
5539,2020,2,52,52,3762e51c-df95-4c11-96f4-35076b153fe8,
5540,2020,2,53,53,22a45a1c-7cc8-4ca9-9717-4e2be3faf60d,
5541,2020,2,54,54,5cecf3c8-ec77-4134-933f-abcae785c657,
5542,2020,2,55,55,78448c88-8da6-4381-89bf-53aee4581f02,
5543,2020,2,56,56,87659ea8-92d0-4211-aab3-2d3289bd296a,
5544,2020,2,57,57,10275ab6-4203-48c0-9fef-e419ce38f915,
5545,2020,2,58,58,3aa7e73a-8944-4f94-96cf-d5f91e723e8e,
5546,2020,2,59,59,995b6f8a-e2a0-41df-87d3-8c58b721004e,
5547,2020,2,60,60,4f58f1cf-28ca-4714-874c-926dc76b8d65,
5548,2020,2,61,61,62685c42-7992-4a9e-a634-b7b54178d8b8,
5549,2020,2,62,62,c8431387-8c13-4e4f-804a-7b5254c6f9d7,
5550,2020,2,63,63,d47a05b8-9757-4d05-ba99-813e25c86ef1,
5551,2020,2,64,64,f365db8d-5534-40a1-b829-5de981df4209,
5552,2020,2,65,65,13a34270-495b-4729-b7a4-6c016ed85d5f,
5553,2020,2,66,66,42e71c15-6d4b-4aa4-bbd2-36a61fa0225b,
5554,2020,2,67,67,ce556fbb-cc95-4d79-bb7e-e710beb18fe3,
5555,2020,2,68,68,df14d9ae-52ae-4f5f-afcb-aed2ef7756bf,
5556,2020,2,69,69,2bb51f6c-e614-4cca-b9bf-f379cda48133,
5557,2020,2,70,70,64ab1a50-e5a8-455c-9633-b5bf48ef5be6,
5558,2020,2,71,71,0c156725-b7f9-488f-974d-6fa1e8f43b01,
5559,2020,2,72,72,93605320-ba70-4678-8b07-7d5c3a4094da,
5560,2020,2,73,73,568a9338-9f16-4ad1-ac43-fb6763204f94,
5561,2020,2,74,74,1dd08cee-bf02-4deb-aef5-ee3601405081,
5562,2020,2,75,75,c7ee728d-21e0-448d-b66d-2a9f217be897,
5563,2020,2,76,76,6fa3e050-2704-49a5-8962-5034fbddef40,
5564,2020,2,77,77,ea9fae97-720c-4777-82ca-8c3dc60040f7,
5565,2020,2,78,78,fbb118a8-8e5a-4098-a582-b15d1d398cd8,
5566,2020,2,79,79,67402ef5-bcbe-40d7-ab30-4f667ed58f04,
5567,2020,2,80,80,c9d2588d-7caf-453f-a2d6-2c8ca16b59c9,
5568,2020,2,81,81,1eaf6e74-016a-498c-bea0-1ffaf9aaa963,
5569,2020,2,82,82,84ea0725-20f8-4def-a72c-0eb3f0fb6197,
5570,2020,2,83,83,db2061c3-5454-4585-b614-5161db97760d,
5571,2020,2,84,84,333c8ec5-b620-4c4d-a51b-151a60981a11,
5572,2020,2,85,85,22a8f5c0-46cd-4c46-b051-a0778b3de597,
5573,2020,2,86,86,b4c7d347-8e27-459e-ad51-33799a0e9ffc,
5574,2020,2,87,87,456a4ec0-4d01-43ce-9118-dcba9a12fac2,
5575,2020,2,88,88,890864af-08b6-4e87-beb3-7dda9a67f9bd,
5576,2020,2,89,89,40a5cb33-85e6-481d-8518-38e1c3d36660,
5577,2020,2,90,90,e53693fe-6640-4c95-8a27-72062ae94924,
5578,2020,2,91,91,3d815755-8869-4279-b08d-a3ade5d74655,
5579,2020,2,92,92,5320de8f-86a4-47ae-95e5-67a6c8a3fd9a,
5580,2020,2,93,93,44176bd3-8031-4cfc-a220-6ec4a6b55357,
5581,2020,2,94,94,d27f32d7-bf63-4414-80d0-d9473d00f72b,
5582,2020,2,95,95,20eb15bb-0087-41de-866e-d1f46d578c2c,
5583,2020,2,96,96,400deac1-6fab-466a-b06c-9ad4007c47ea,
5584,2020,2,97,97,960fbb4f-6e63-413b-b25e-01c3177ef415,
5585,2020,2,98,98,d06f9433-1cc8-4286-8ab5-b3fe33f9e0ed,
5586,2020,2,99,99,4172db61-1819-4273-9d8a-98159750204c,
5587,2020,2,100,100,c56888a0-ceb3-44b8-b08e-2deec42a3a1c,
5588,2020,2,101,101,0e3b51c6-dbd4-48b8-adbe-bd41be17ba06,
5589,2020,2,102,102,35d35894-700b-44d7-a5c0-fda868582cb8,
5590,2020,2,103,103,361b8788-9deb-4f2e-8b04-6114624811bc,
5591,2020,2,104,104,61cda3a5-bf9f-412d-ad5d-24a21fa486d8,
5592,2020,2,105,105,762d1d9c-fa75-4706-9d19-f7d73beaa2bc,
5593,2020,2,106,106,3eb3a0d7-3c9b-405e-b8a8-bc05736e4b47,
5594,2020,2,107,107,108b4416-bfe5-415e-8813-d27cfceab59f,
5595,2020,2,108,108,d4e4ab67-ce76-49c8-b6c3-f774df5d0a92,
5596,2020,2,109,109,a2d9e21e-d457-4f35-ae6d-24ca9893f72b,
5597,2020,2,110,110,7f78692f-2c7b-4c4e-b85c-dfe550429ba6,
5598,2020,2,111,111,2ce7ed52-e1e5-4b06-9465-2af104f33d99,
5599,2020,2,112,112,737e4260-26c3-4ebb-bcd8-a0c7a6265770,
5600,2020,2,113,113,fcb298e1-1725-42db-9c9c-48377f1b5bcd,
5601,2020,2,114,114,56d0663b-39da-475f-9527-f2495bd7c953,
5602,2020,2,115,115,65f952fb-d385-47cc-8ada-fed27ea07621,
5603,2020,2,116,116,289b733b-3b07-4350-b942-10cc306fab8b,
5604,2020,2,117,117,4978267b-b2d6-457e-a71c-1c6fab859c70,
5605,2020,2,118,118,79a14a75-3143-443c-a5fc-3c9baf36ce1c,
5606,2020,2,119,119,b223bb42-beb3-4179-839e-a148a2a3f5f0,
5607,2020,2,120,120,24f58432-a1e3-433d-bdf9-ae3630d99036,
5608,2021,1,1,1,07a3e84e-752d-4675-8260-d406d5841b56,
5609,2021,1,2,2,69d6c290-08d0-4c51-a68f-93a371677aa2,
5610,2021,1,3,3,2e020ae2-70c2-4122-a556-5283a6a6f523,
5611,2021,1,4,4,297e9e6b-9a79-4992-997d-761c0065b32d,
5612,2021,1,5,5,4d96e916-595d-4fa1-9333-008b433ce6c7,
5613,2021,1,6,6,dcf07bee-2a2d-41af-808d-bb16f73f4db2,
5614,2021,1,7,7,c979d447-e860-4e5b-8236-c0792fb9a9d5,
5615,2021,1,8,8,a72835f5-13f6-41a4-87c7-4072caf98c17,
5616,2021,1,9,9,a71250c3-90bd-4ef7-a9b9-42ee3b92054f,
5617,2021,1,10,10,4868559a-1109-4eb1-8b65-c649870836c5,
5618,2021,1,11,11,63eb6d07-5f5d-4575-979a-101e042ffa52,
5619,2021,1,12,12,4fda924e-c48e-41a5-aae1-067d32a80cdd,
5620,2021,1,13,13,110c4d3b-94c2-4b70-a99c-f0f9674e46bf,
5621,2021,1,14,14,8a6c803f-6e57-48fa-a5b1-d33344fd90ac,
5622,2021,1,15,15,51671608-3aa9-4fa9-803b-667ba46bd124,
5623,2021,1,16,16,ae1a6ed9-93d4-4b9a-9e02-bb59bdd4d4cb,
5624,2021,1,17,17,bc10de2a-e79c-4baf-87f3-3b5cb815c30b,
5625,2021,1,18,18,4c51c9aa-be93-4c55-a132-955fb95f0acb,
5626,2021,1,19,19,95d01231-f38a-4fae-af36-ebe015ba4b7b,
5627,2021,1,20,20,ba15c2db-5261-42e4-946d-3084c145982f,
5628,2021,1,21,21,6c7fa7c4-bf78-4414-835e-3def21758dc2,
5629,2021,1,22,22,8355fe7a-74a9-4721-8d51-2897b1d2b222,
5630,2021,1,23,23,f3f74b10-4973-4b74-acc3-af7d1407472b,
5631,2021,1,24,24,927c2bb8-7331-4971-b02f-d4b5ca79c66c,
5632,2021,1,25,25,d0ce03dd-2630-43c7-b10b-65c52dec1a7d,
5633,2021,1,26,26,980577e2-a846-4d6f-b223-d5627be2ef8a,
5634,2021,1,27,27,428cdc23-ed0f-4a21-a59e-6bfae7bfa515,
5635,2021,1,28,28,906eb106-5520-404f-8104-e20b98939966,
5636,2021,1,29,29,b72fc16f-3146-4a42-9961-20e69bf4617e,
5637,2021,1,30,30,48d9aef9-e79d-42a8-a634-36fdce90823a,
5638,2021,1,31,31,793e9409-b09a-48b8-8b4c-57c6e99a9df2,
5639,2021,1,32,32,e1b1922d-3b60-4439-a0bd-e7a4935bb068,
5640,2021,1,33,33,ac12e28a-8318-4bd7-ba4c-dd582da56d0a,
5641,2021,1,34,34,007fedc0-3d48-4611-901d-13755666acee,
5642,2021,1,35,35,9feeac74-cd43-414c-b738-9660a6cb93f9,
5643,2021,1,36,36,69f6ead2-8582-41dd-a481-41af42ff3a1d,
5644,2021,1,37,37,c34bd698-86c0-4bec-96d2-91dd4698d99c,
5645,2021,1,38,38,36f6e5a2-d55b-4093-a2ff-659783b8d620,
5646,2021,1,39,39,afdc2928-3b8d-4b58-9948-e382cbde05db,
5647,2021,1,40,40,57a7efdd-49ce-4aca-b2d7-d43d05e97086,
5648,2021,1,41,41,471ec289-1c36-4b23-bbe4-13af0e11255e,
5649,2021,1,42,42,e16c0dc3-8406-4f32-b898-654946fe15e7,
5650,2021,1,43,43,d4c7998e-40f1-49eb-9a7f-747eeef17b5c,
5651,2021,1,44,44,f5d9c308-f1e4-4051-9ece-96752edb55ab,
5652,2021,1,45,45,682828d6-9717-42cd-a815-4f0ed4cc70e1,
5653,2021,1,46,46,45e9439c-7944-4386-a4b4-ed7512d37d4e,
5654,2021,1,47,47,4940e7ed-8738-40fd-9787-920bdbaa9553,
5655,2021,1,48,48,04943ede-33d9-4ad7-821d-56b8a723d0f9,
5656,2021,1,49,49,35c6ca8a-63e8-4af8-b25b-c5b15a992756,
5657,2021,1,50,50,bb68edf7-6478-4609-aa94-748f500e84d5,
5658,2021,1,51,51,a3d0ce0a-7cc5-42b3-a737-f01a7e471c2d,
5659,2021,1,52,52,5ddd8122-5c41-40b6-be42-68bb9c6176ca,
5660,2021,1,53,53,9005e9a2-ca7b-4e4c-8370-fb4196e99274,
5661,2021,1,54,54,aa284fec-a16b-486b-a746-bba173675a9d,
5662,2021,1,55,55,5b30bc6d-e135-4a6f-8d50-1a43c8a03074,
5663,2021,1,56,56,06efc7b8-88ab-4b4c-8252-3d786ee22048,
5664,2021,1,57,57,d365dcce-50a5-4352-b234-d339b16da479,
5665,2021,1,58,58,16035728-86cd-41a2-99f5-efcde51e3b64,
5666,2021,1,59,59,c5b247cf-f659-4ddd-a8da-fe815a565378,
5667,2021,1,60,60,dc345d3a-15a1-46c0-9d4a-87223597882f,
5668,2021,1,61,61,728b8c10-dddf-474d-8140-cac18209711a,
5669,2021,1,62,62,1291177b-a1aa-4cc4-acd0-2631ba922851,
5670,2021,1,63,63,c5d0e468-5915-43df-9da5-8d7b9f952b02,
5671,2021,1,64,64,86b4665c-e413-4116-9f18-fada84062d78,
5672,2021,1,65,65,551da3a3-6134-4b44-8178-741544b2dd1d,
5673,2021,1,66,66,36e6396f-2ad4-4bc6-a375-699952a3011d,
5674,2021,1,67,67,1ceeb980-64a1-4b58-94e2-351dcba92d9f,
5675,2021,1,68,68,dbdf85aa-e576-449f-a00f-9946d97d29ae,
5676,2021,1,69,69,01a436e4-3cf8-4630-af85-4b71796e0180,
5677,2021,1,70,70,02b408a6-4c95-4265-89ce-a73fd80f5eab,
5678,2021,1,71,71,25710ae7-c0c6-458e-b69b-cc63e1cdef03,
5679,2021,1,72,72,e55a82f8-2706-4811-ba49-b7e858f127fd,
5680,2021,1,73,73,1fe11db0-69ba-44e6-b6f3-77e8fdb25c19,
5681,2021,1,74,74,b024cd29-b161-47c9-9a59-aadc9735c96b,
5682,2021,1,75,75,f98c320e-23d2-4043-93b0-ea3a3fa2518a,
5683,2021,1,76,76,4a803f0a-b89d-431f-b8ca-9ea7aa3a162e,
5684,2021,1,77,77,6b775cd8-c3bc-4dcf-815c-bcfab639b589,
5685,2021,1,78,78,cca7ffbb-5165-42b1-9188-04a3c73a7215,
5686,2021,1,79,79,e52f6cc3-9fd3-41ca-bb50-f0306dc35075,
5687,2021,1,80,80,6946e805-66b6-4cc5-9f08-6a09721557a7,
5688,2021,1,81,81,d0e0b514-5642-40f5-83a4-0621c06aad9e,
5689,2021,1,82,82,1cfa8b00-c843-4dbb-b5ff-04ac29958448,
5690,2021,1,83,83,338a9a30-7efc-40b2-8f51-59ea055c0ade,
5691,2021,1,84,84,98af3d8b-e2ff-4272-b5d4-3bc9b93a7721,
5692,2021,1,85,85,5fea86da-b338-403b-b5f9-e065e3b755aa,
5693,2021,1,86,86,b1a6a27a-1a53-4e8c-bdd6-ca127ec9c2e5,
5694,2021,1,87,87,39ec8a70-b3fa-4ae1-b58b-bf6b3828a55c,
5695,2021,1,88,88,87ace889-279a-4d67-9624-855dd5bbc04f,
5696,2021,1,89,89,87ed237b-14c7-41c0-8b96-e69ac019b25f,
5697,2021,1,90,90,d1c07644-e099-48fb-8c74-a070e47350cd,
5698,2021,1,91,91,f19a2313-e2dc-4a42-9d7c-2080e4f2dcb2,
5699,2021,1,92,92,6f1f62ac-f8a5-4e81-9552-182bd6f3d48e,
5700,2021,1,93,93,2e799a16-51ca-4dcb-ae35-bee6f8111bcd,
5701,2021,1,94,94,271565c5-aba4-4ec1-9aa6-f5f9dbd5e3ae,
5702,2021,1,95,95,f95b7c3e-5fe7-4750-8b72-4d8d7c114d58,
5703,2021,1,96,96,f2bd680c-4375-41ac-a7bb-4773e2684730,
5704,2021,1,97,97,1b001006-5bfc-449d-8bde-69ecb07c17b7,
5705,2021,1,98,98,18b30229-1785-4a76-8c97-458bc352d1f0,
5706,2021,1,99,99,1d045f6e-bdb5-45e1-8f14-fe0be0b177e8,
5707,2021,1,100,100,f4b56652-88da-4894-9fea-cbd886cfe4a0,
5708,2021,1,101,101,d6962d85-f07f-4bff-9778-a786c69ad9d8,
5709,2021,1,102,102,63e76910-52e6-4cd5-8709-c71a873de1d1,
5710,2021,1,103,103,ef61c7ab-2370-4fb8-accc-5190d2ce3732,
5711,2021,1,104,104,5df6f53c-c6d4-4e0c-8e11-606688b4a45f,
5712,2021,1,105,105,f869e6ec-f57b-4056-a1dd-9827466655bc,
5713,2021,1,106,106,de2494b3-dd9b-4c17-b8f2-58644dbb7b85,
5714,2021,1,107,107,c2768a89-9a6c-4e9b-b4e1-0609549e6262,
5715,2021,1,108,108,7fc27178-a509-43f7-b72c-ec6ab4fb760c,
5716,2021,1,109,109,d1c4ac6d-ed88-4dad-94aa-cd416cb7d776,
5717,2021,1,110,110,5047b74b-7b61-43a4-b804-9755e8ffb861,
5718,2021,1,111,111,9f8816f9-ef0b-4463-b0e3-53b00bc9514b,
5719,2021,1,112,112,017ada3d-6773-4cf2-953d-a339e4e44448,
5720,2021,1,113,113,1633e851-d4ef-4098-8d15-e1625f8479b5,
5721,2021,1,114,114,4d7f8b2c-9781-4237-9643-9ba54198a745,
5722,2021,1,115,115,4cb79b34-6a9d-4b9b-ae90-f8d3ef71f95c,
5723,2021,1,116,116,722686bb-0e6a-4e65-a10a-2394fddc9691,
5724,2021,1,117,117,d14f1f9d-f02b-4075-9310-4b345993e7b1,
5725,2021,1,118,118,a51c7cbc-1bce-4bc6-bdf7-36c85c6db0ee,
5726,2021,1,119,119,7a8a6a5d-e4e0-40fb-9b12-ef3518f34fc0,
5727,2021,1,120,120,40d16d0f-faae-4def-89ad-03a472ae9d65,
5728,2021,2,1,1,76eea105-45a9-4ad7-a83d-02e6a59d23b4,
5729,2021,2,2,2,8e7a5236-b0d3-4217-ab04-707b24e159e4,
5730,2021,2,3,3,4125fa0a-aa9b-4681-bc00-100f94f8f1a6,
5731,2021,2,4,4,62219187-8684-4965-af6d-c8704a94ca47,
5732,2021,2,5,5,338cfe04-c230-4491-9081-e61c4ef42019,
5733,2021,2,6,6,b82f40a3-c4d7-424a-a1b1-32e3c256a0b7,
5734,2021,2,7,7,86f3566c-5dbf-473c-bcf2-dc5c1fdd5c86,
5735,2021,2,8,8,190f1741-50b5-4404-bcd1-5e9388c9a37d,
5736,2021,2,9,9,a0f7348b-fd06-4f11-a3a7-618fb3b9f4d7,
5737,2021,2,10,10,e96f35a7-6b71-44bf-879b-23ffdc3a7e63,
5738,2021,2,11,11,af7d1136-171a-499b-9bf5-f3106bfeeaad,
5739,2021,2,12,12,490179a0-02b6-4a99-a195-367ca58f1ed4,
5740,2021,2,13,13,ecf70180-e9e2-46de-ad3f-b867e21a5c1a,
5741,2021,2,14,14,54f7c218-5edf-44b8-95e3-ed6f93b13830,
5742,2021,2,15,15,260e4869-8ea4-4ccf-a10a-e2a2d6dd8fdc,
5743,2021,2,16,16,ca636569-b9d6-442d-b5b5-392470a386ed,
5744,2021,2,17,17,c027af91-8eb5-4fad-8c31-a9486b98bfb8,
5745,2021,2,18,18,4f0c2276-ea16-4a18-a55b-1b7baa41052b,
5746,2021,2,19,19,f127478f-9ea1-4092-96e5-c70bbad261b7,
5747,2021,2,20,20,655c89af-cc6c-444b-afb9-75cc9c1c7095,
5748,2021,2,21,21,090188f0-d552-409a-8e50-1b7c6ff05e0c,
5749,2021,2,22,22,98244452-a371-401e-b38d-69c9c41040ef,
5750,2021,2,23,23,57a4c207-d62e-4432-b5b5-120f19746094,
5751,2021,2,24,24,8cd6aaf4-1cf9-4bf4-b918-9f0f339baf14,
5752,2021,2,25,25,a2606d15-c122-4116-b2cc-314a62edfb4c,
5753,2021,2,26,26,bd35dc76-1254-4de1-b25a-b3a8f0a8d74c,
5754,2021,2,27,27,6b194fa4-3b0b-4774-9b2d-b12b6af213ee,
5755,2021,2,28,28,2ce29409-eed1-4d15-beea-46822b02b82d,
5756,2021,2,29,29,d3cdd326-8b84-48c4-b8f8-38a82710157a,
5757,2021,2,30,30,6b94f04b-e2b7-4fe5-9b85-5db91586694a,
5758,2021,2,31,31,c393f57f-4a5b-4457-bfb5-513713c2a9f8,
5759,2021,2,32,32,93da2094-a490-45ee-ae83-e296bd716d2b,
5760,2021,2,33,33,873baf08-2fad-4b72-b261-f9726811cb7f,
5761,2021,2,34,34,e7d0fd9f-4ebd-4b68-8999-970b3d61f7c7,
5762,2021,2,35,35,19651f4a-65f4-4df6-b379-bc28279087b3,
5763,2021,2,36,36,32f7340f-72d5-4447-a943-dced0094d2ae,
5764,2021,2,37,37,db254809-c998-4b3e-98f8-b96a538f1af9,
5765,2021,2,38,38,56b64e54-fa50-4b66-a2ec-c9e0044fede7,
5766,2021,2,39,39,a63ec61b-c7eb-4cde-91f8-94a60a46e7c2,
5767,2021,2,40,40,ef02436e-cea1-4da6-819f-71dc2ab77fec,
5768,2021,2,41,41,04dfbb88-0662-4930-b685-aa0fd1ee76ef,
5769,2021,2,42,42,74434b28-3b4a-41a7-9239-4fe6206e55d4,
5770,2021,2,43,43,18d7d14d-b6b7-43a9-a1d6-d87069cf00a8,
5771,2021,2,44,44,b05bd01b-a37a-4740-92ca-15a90b70cb65,
5772,2021,2,45,45,c9118ff9-725d-472a-8272-2e9271fcd3c3,
5773,2021,2,46,46,cef41459-d09f-46cd-8090-d924476f2c41,
5774,2021,2,47,47,9145ddf9-47d7-4f0b-b404-ee121c55b007,
5775,2021,2,48,48,9bc74d00-64f1-48b6-8ef5-f88f50bcab3f,
5776,2021,2,49,49,b350013c-a672-487d-a4ec-d44279ad3bda,
5777,2021,2,50,50,52c3a5ee-9ead-4e0e-8511-f84779dd38dc,
5778,2021,2,51,51,6cba6ce4-c7ab-4c22-8afb-0c6f5fd35da9,
5779,2021,2,52,52,ad0caa2c-b8c5-4bc8-9000-ae7e47996750,
5780,2021,2,53,53,7afd4a4a-5a29-482a-9b75-1847612dff5a,
5781,2021,2,54,54,1e824569-1827-4245-b65b-5700cd689e60,
5782,2021,2,55,55,0dfa3de9-1a94-4350-a239-4478fc926a48,
5783,2021,2,56,56,034aed63-09fc-4fd0-acbb-32f7ff661aea,
5784,2021,2,57,57,3cc9cde2-3593-4f1c-b6ca-46bd5f816910,
5785,2021,2,58,58,132f0ab6-ed8f-4e59-8569-d623aaf604b0,
5786,2021,2,59,59,d16cd6a7-d6c2-494b-86ee-1203aa4d3b8c,
5787,2021,2,60,60,80e7e088-4418-4ec8-9886-5fdefe01b007,
5788,2021,2,61,61,a90cd3c2-bb19-475f-9d9b-bf7887266964,
5789,2021,2,62,62,208c00db-d48a-44ab-be32-e87be6f930de,
5790,2021,2,63,63,5150c838-8db5-462f-9096-4758e8126747,
5791,2021,2,64,64,37704cb6-61b4-4889-aee0-c40e5bd91be9,
5792,2021,2,65,65,ee9b4c08-c23b-4b67-b5f9-f007604cf066,
5793,2021,2,66,66,728b2503-5ca4-4e37-983a-ae1c30e689b5,
5794,2021,2,67,67,9aa44e80-e630-43d7-a972-f7273637b886,
5795,2021,2,68,68,e737e727-b9d3-4500-be85-d4a68e34fe89,
5796,2021,2,69,69,432f105b-43b6-4b69-9944-454272260bed,
5797,2021,2,70,70,8ec5835b-ba9d-4759-959e-75db46453354,
5798,2021,2,71,71,0ee58d1f-6e23-4cca-b4f7-ea1f757b019b,
5799,2021,2,72,72,74f1bf67-1933-42db-b119-f9b95a195a79,
5800,2021,2,73,73,626f09a8-ff18-49b2-86ff-d0dcfe48d982,
5801,2021,2,74,74,0d02f246-bcdb-4170-9f2a-acd878343dae,
5802,2021,2,75,75,69ca3320-d6b9-4503-a587-ee1d69e5b4cf,
5803,2021,2,76,76,0ab1a43e-fdcb-4a52-8559-f9b31ca8f853,
5804,2021,2,77,77,5443e9d4-eb19-484e-ac03-944cd5f4aa08,
5805,2021,2,78,78,58213a1f-e070-4a3d-a712-0c9beb1e8e5e,
5806,2021,2,79,79,979dbdd9-197f-4ebe-86cb-4dfb54d93c0d,
5807,2021,2,80,80,779470d8-ad65-439f-8228-55309c8e0767,
5808,2021,2,81,81,43881ae4-e716-4e70-95c1-20c40c31ca20,
5809,2021,2,82,82,ce55061d-1cb3-48d6-9ba1-a77b0eeecfc4,
5810,2021,2,83,83,5846604a-6add-464f-8478-7bf3834a0a7f,
5811,2021,2,84,84,36a13982-79e0-4aac-8798-01025222f3e3,
5812,2021,2,85,85,80e3a302-a3ea-48bd-ad24-2062ca111ee0,
5813,2021,2,86,86,bd5e402c-fcb4-45a8-aa97-c213fc6ad411,
5814,2021,2,87,87,2317f9f2-5bc3-466e-b82d-5cf79f15b68e,
5815,2021,2,88,88,32138802-206f-4813-94f6-26a7db18dfcf,
5816,2021,2,89,89,22226925-bbf1-4b2d-9333-375d2dfbf9e0,
5817,2021,2,90,90,c5c72aa2-0af2-4969-bba0-331266a10e01,
5818,2021,2,91,91,58610f5c-8508-4116-8a92-9362e6500d12,
5819,2021,2,92,92,5ff0aa92-18cf-4900-a269-5b5a01ef28d4,
5820,2021,2,93,93,6656f594-8ba8-4381-96e9-2981ce663531,
5821,2021,2,94,94,ac926333-387e-463d-951f-6941c7fff719,
5822,2021,2,95,95,4dc8dd36-95c5-42a9-8612-b2a283635752,
5823,2021,2,96,96,f06e2047-0189-4c17-b1a6-39eed6b3d45c,
5824,2021,2,97,97,e0e257b9-b92c-4819-a002-7e4ab5b70802,
5825,2021,2,98,98,9ed5dee7-7d6b-45d7-b096-f6116283d5f4,
5826,2021,2,99,99,3394e2a1-b8b9-44c9-aaf8-a110fb68b87e,
5827,2021,2,100,100,00a228bd-7fe9-44dc-a232-0c7a0a9316fa,
5828,2021,2,101,101,6c77c50b-997a-461f-ae07-7d164b2b6f27,
5829,2021,2,102,102,f9774539-c399-4e97-96f8-a4a1e84fb33c,
5830,2021,2,103,103,9eacc576-721a-431d-8b23-7dec4b1550aa,
5831,2021,2,104,104,ba27e863-0204-4dcb-b241-976e7e6559de,
5832,2021,2,105,105,95b35d16-8664-4c05-aef3-dc2e32a46e5b,
5833,2021,2,106,106,5031353f-1e3a-427f-86ca-fd1fbf449d5c,
5834,2021,2,107,107,d5d0e9b7-5c15-4d51-9999-dc79e525bf8b,
5835,2021,2,108,108,3911df5c-a5e0-4007-a2b4-78c134200d94,
5836,2021,2,109,109,f4765311-fef2-48d8-bce8-2a3661d7be43,
5837,2021,2,110,110,39ca480e-6dc6-4da8-b72d-78d4c827bc36,
5838,2021,2,111,111,23ffa79c-b061-4533-8f68-4c558fd67196,
5839,2021,2,112,112,e2aa21d9-ca45-410c-92ba-66939b8e8b60,
5840,2021,2,113,113,38729e71-e761-43e2-bbbd-e2d17c3a1caf,
5841,2021,2,114,114,40c045df-ebc0-42a8-877c-f86d16b70db4,
5842,2021,2,115,115,77d3b795-69cf-4850-8e32-b9da5af19b8e,
5843,2021,2,116,116,0e9c361f-6f83-4cc1-8b73-d22f0bbe275e,
5844,2021,2,117,117,8c191d96-5a27-486b-99e0-e72d0f32e06c,
5845,2021,2,118,118,10b23b63-482b-49dc-bea0-ff3257b90a14,
5846,2021,2,119,119,d98006d5-85a3-4c67-bfd5-eef96b6e913f,
5847,2021,2,120,120,4a77029a-2dd1-4d1e-a182-5208de1a669f,
5968,2022,1,1,1,40e58e3e-1a4e-44a3-99b4-77b424bcd22c,
5969,2022,1,2,2,468e0c0c-1d06-4589-8a5d-a9f5889012f9,
5970,2022,1,3,3,0144b5a3-ddd9-44a3-8910-3d43c7844275,
5971,2022,1,4,4,ff92d368-ed31-46d3-b712-2a8add100bfd,
5972,2022,1,5,5,38c840d5-b84b-4eec-9e63-a4709471e35e,
5973,2022,1,6,6,0528a523-c113-4f0d-b2f4-685062b631d9,
5974,2022,1,7,7,059e2591-9cd0-4693-8647-14e45d35b4d8,
5975,2022,1,8,8,ab6b7c65-b5ca-47eb-99f8-753e8b9979e4,
5976,2022,1,9,9,f283bd01-7fa1-4d83-89ad-6bdc8af8bb46,
5977,2022,1,10,10,7e5de1d1-6015-4939-a8af-0ae167c69bc1,
5978,2022,1,11,11,5213f1a8-4824-47e1-8f8b-1ce471ab509d,
5979,2022,1,12,12,6b7c4a0a-310c-44c7-be86-26b77f4093cb,
5980,2022,1,13,13,b6ef9976-67a3-4056-85e5-565464351b95,
5981,2022,1,14,14,80cb5ebe-f65a-42aa-a506-3ea503d037cf,
5982,2022,1,15,15,c1f94dda-9bd9-496d-8bf0-f8c83cf187ae,
5983,2022,1,16,16,abf3e96a-e690-4ebb-84a3-e5c33f1852d6,
5984,2022,1,17,17,fc55e27b-6f45-4426-a51b-05cd26e98867,
5985,2022,1,18,18,345bb36a-9f29-4c46-b0ed-beb6a2d2f9f4,
5986,2022,1,19,19,8d87bcfe-b61b-4d54-9296-244704e19dd8,
5987,2022,1,20,20,8ad12d39-a649-41a0-9f94-a510a82b9951,
5988,2022,1,21,21,b53a6c2c-e1fe-4a87-b8f5-0fa042d04abd,
5989,2022,1,22,22,0922dd65-7d1e-4aab-a8f6-24fed1f42b17,
5990,2022,1,23,23,f40f075b-8f30-4c30-8eff-154b4e92969d,
5991,2022,1,24,24,3e9cd24f-1a86-4d4b-b03c-7196f599bfa8,
5992,2022,1,25,25,2904f6e3-d1a8-4d3d-b513-21e6bdf0d433,
5993,2022,1,26,26,4cb58695-2e99-4981-8952-3a3cbf4faa95,
5994,2022,1,27,27,7da43d6a-9313-42f5-8cc2-dfa27ff21f83,
5995,2022,1,28,28,bb25bca8-5e9c-4719-899d-8987c6fa0770,
5996,2022,1,29,29,e25a388d-e29b-4225-902f-ac7292e1a99d,
5997,2022,1,30,30,4db2ffe1-30ab-44a2-8652-f28093af16fe,
5998,2022,1,31,31,d6c3797b-8896-408a-9c18-c1ff390bd2a5,
5999,2022,1,32,32,8879c6f4-ee3d-447a-9280-ba99a2375f62,
6000,2022,1,33,33,2275594d-a4b2-452b-baea-f3947912d929,
6001,2022,1,34,34,86793dba-1071-4ab3-800d-7c1b993beaf0,
6002,2022,1,35,35,1d5afb1c-b586-4b43-ac54-7b28af70f284,
6003,2022,1,36,36,b1e55e67-9cfc-4ce8-9fb4-b7b64cf135f6,
6004,2022,1,37,37,b999a8e7-4076-4fb5-91b9-4eedfd9057e2,
6005,2022,1,38,38,86addcb6-22d9-47be-b133-0e296025b479,
6006,2022,1,39,39,3bbb3c58-2b68-4ea1-b3df-60ac9954bcff,
6007,2022,1,40,40,6ac5cf4d-b1db-449b-a43f-6373db54d11c,
6008,2022,1,41,41,8c61b3d5-7c51-49ff-bc28-968fc1b8a50a,
6009,2022,1,42,42,247407ff-b7df-4b4c-90b6-2bb6fe2337db,
6010,2022,1,43,43,e406d60c-5bc8-4196-9241-efa9aecca20b,
6011,2022,1,44,44,fc2b638d-63e1-44b4-8fb6-21baec76be08,
6012,2022,1,45,45,cea0ce6c-7022-4f19-be79-a5aaa5b387d5,
6013,2022,1,46,46,24d397d4-7495-445a-9349-1fa6380a2c16,
6014,2022,1,47,47,1a60f7e5-b340-43c3-a021-6189f5f2d3bb,
6015,2022,1,48,48,5fd738a9-c86e-4aaa-9304-48097a6b4d7a,
6016,2022,1,49,49,6a8a4a01-09cb-4f78-8522-e108cfb0c016,
6017,2022,1,50,50,1a7eba5e-f48b-4759-8275-e316f8aa9a30,
6018,2022,1,51,51,2cea6b96-c50e-4011-b20e-d5e4ac49372a,
6019,2022,1,52,52,2810c705-ab2a-41e2-8cd0-4a5a059432ef,
6020,2022,1,53,53,a64cd7fe-dce8-48ef-9de4-ae82bf4ea22d,
6021,2022,1,54,54,cae47860-3184-48fc-b540-ed882a58fb03,
6022,2022,1,55,55,709b6755-c4a0-4a1f-a468-0b43fce39917,
6023,2022,1,56,56,c4e9413f-a1f9-4497-8bdb-76b19c3826d2,
6024,2022,1,57,57,54b4c2d6-7282-41c6-aa6b-edd12f82d96b,
6025,2022,1,58,58,29e06688-530a-4169-a887-df12f911f1f8,
6026,2022,1,59,59,2ff3d5ad-8282-4778-8847-23978325c3d5,
6027,2022,1,60,60,bb6e1e28-ecec-4d82-b1ba-aeb4f8207b98,
6028,2022,1,61,61,30a8e74b-f4c5-4432-98cf-efd52550d350,
6029,2022,1,62,62,461ea4b5-c00d-4d56-b0ab-6da7fdb52453,
6030,2022,1,63,63,2f48e51a-52de-4a7d-8bc8-87dc0ee2df07,
6031,2022,1,64,64,b08e1b1a-ea01-413f-ba56-aa40d64f2fed,
6032,2022,1,65,65,4721a204-3d70-4116-95f2-77150612f92f,
6033,2022,1,66,66,86f273b9-f28e-412a-9884-85ef1387b776,
6034,2022,1,67,67,4e2f2534-9b88-4c53-825c-5f131d4382d5,
6035,2022,1,68,68,eb31c657-028c-4caa-854c-4bc758df77fe,
6036,2022,1,69,69,1f283506-bc05-42bc-b91d-138bbb7b17a6,
6037,2022,1,70,70,417d4ea5-e79a-4c76-9830-33e2ba4864d1,
6038,2022,1,71,71,fc4b9883-8f1f-4c46-b4cf-d8b3ff5a2b10,
6039,2022,1,72,72,e5082cff-f3fb-497b-8028-b91dfeaf1875,
6040,2022,1,73,73,62b9033a-4d3b-4edd-93bd-b366de4d5a8c,
6041,2022,1,74,74,f15325cb-d104-46e5-8205-04e957086bef,
6042,2022,1,75,75,2d2fc146-1033-44b5-85d8-8538d3c5b48c,
6043,2022,1,76,76,847513e8-5c6e-4c38-87b0-373a601d5878,
6044,2022,1,77,77,e635d539-b798-4bb4-bced-136b15da190c,
6045,2022,1,78,78,96571858-c4e7-40b8-8216-7bb4c203620c,
6046,2022,1,79,79,092b5b7c-31e6-43c6-bdae-e551e884f6e9,
6047,2022,1,80,80,a314cb06-07c5-4e8f-b188-c09336870c81,
6048,2022,1,81,81,c2230101-f9d6-40ee-8d4f-955065e75c8f,
6049,2022,1,82,82,023b1b32-4544-4e91-a9d2-32336e2b674e,
6050,2022,1,83,83,1446fdfe-eab5-471d-ad5f-713ea5165cff,
6051,2022,1,84,84,03dd988d-f850-4e9a-aae9-b38d458cd2aa,
6052,2022,1,85,85,fa54a914-dca8-44f3-a44c-aa5d54fd91a0,
6053,2022,1,86,86,297d0351-43bb-47ea-8c72-18abd06a85c6,
6054,2022,1,87,87,bd3f9016-082f-4b71-b2b1-1e7ee0062b29,
6055,2022,1,88,88,c662d131-fa88-42ab-b4e2-ddd09f6ebaa4,
6056,2022,1,89,89,d35533bb-685b-48eb-a0da-2c4f2d4f2db0,
6057,2022,1,90,90,b0e87123-aa89-4cfc-859f-c1a72550ea7e,
6058,2022,1,91,91,269c876b-11cb-4ab4-a27f-898783448798,
6059,2022,1,92,92,8c6e0d2b-4f6f-4872-8819-2b44d841ca94,
6060,2022,1,93,93,3e5167ef-8d90-4377-9487-ffdadeb52689,
6061,2022,1,94,94,575ba9de-925a-40cf-92ca-48a75095d51d,
6062,2022,1,95,95,73c9eacb-6272-462d-b5a4-9e8b803c04e5,
6063,2022,1,96,96,fa34a265-5499-4520-980e-aa1ac4b0bcbf,
6064,2022,1,97,97,831131c9-4b19-440e-95a8-b6a8a2e4440a,
6065,2022,1,98,98,bbde8e7b-0bd4-4853-b709-1fa1f768640e,
6066,2022,1,99,99,5f2a05ed-6c49-407e-be49-f142a6b6c294,
6067,2022,1,100,100,34f8929b-3199-4b0b-bd11-8aa3965f51db,
6068,2022,1,101,101,99769063-a26e-4e15-a5ee-9e79bbc34ff7,
6069,2022,1,102,102,dee54b64-8be4-481e-9965-c0cf966017fb,
6070,2022,1,103,103,98f0c178-1437-40e7-82b1-ae721022b0e7,
6071,2022,1,104,104,66b4dd43-bda7-46d9-b67e-23de2f4c43cc,
6072,2022,1,105,105,b65cfb0e-f3a7-4c47-929f-d3fee9d3134c,
6073,2022,1,106,106,9f53d6c4-59f9-461d-9ac5-1c8df8efb786,
6074,2022,1,107,107,e5c3eba1-11ca-4bd1-a70f-e27229a7ef47,
6075,2022,1,108,108,186c7614-2db8-4821-8954-dddaa211eff6,
6076,2022,1,109,109,d9350986-40da-4948-abc6-edfe5189113d,
6077,2022,1,110,110,bd2eb925-2870-41fb-804a-e4291871f84d,
6078,2022,1,111,111,c67e3731-0a24-463a-a303-f2eaabfbd98f,
6079,2022,1,112,112,89f09d30-9e35-4f05-a944-c3aad39fa1a8,
6080,2022,1,113,113,3e2a3b24-e43e-4e53-b584-897eec2341b8,
6081,2022,1,114,114,6aaae5eb-6186-44bb-ac26-3685c7733cec,
6082,2022,1,115,115,ce30ceca-1292-4d64-ab1c-9dbefcee6607,
6083,2022,1,116,116,cc4e7d8a-7c03-4f25-af63-9e7a9473f84d,
6084,2022,1,117,117,fe185cc2-84c6-4727-9f21-d04479364a0d,
6085,2022,1,118,118,bac27abe-7ebf-4b72-b4a0-2cfde467f865,
6086,2022,1,119,119,14d0e313-6216-47bd-99b0-02e5437f3690,
6087,2022,1,120,120,6050c3aa-eae0-4fba-b5d5-2ec0acbbbdf0,
5848,2022,2,1,1,c2453a01-44d8-4075-bc78-9e23f97e6eb5,
5849,2022,2,2,2,eca53494-c972-4a11-ba86-53b85abdeed2,
5850,2022,2,3,3,3a22d985-6c19-4859-82d8-b9772344d9c6,
5851,2022,2,4,4,2d283b63-7972-42a4-aff1-aa1ee0f3616b,
5852,2022,2,5,5,ed05da59-4d0a-4eeb-8a91-92bd1ee2995b,
5853,2022,2,6,6,003ff9ca-024a-4b24-9615-afaa98ddcdf6,
5854,2022,2,7,7,43be756b-98bf-4d5a-8819-0775113c5d20,
5855,2022,2,8,8,c9e8c23e-0b2c-4f16-a1a0-8368099db9f5,
5856,2022,2,9,9,f4a12911-3fa7-49cf-ab24-690c728b8a77,
5857,2022,2,10,10,3e56e79e-be0d-4d1d-b767-890a54244141,
5858,2022,2,11,11,9f3f2113-83c4-461b-bb9e-a0973e56d52b,
5859,2022,2,12,12,b5738c6e-f00d-4374-9fc6-429b69bb7a0b,
5860,2022,2,13,13,57013915-41bb-4499-836d-e502bfa01081,
5861,2022,2,14,14,e733d95c-f0ff-43a6-94b3-6425e4542f26,
5862,2022,2,15,15,2a62a9c3-f01f-4649-9b1d-3a5ee79c7573,
5863,2022,2,16,16,2c498538-cfd9-4ddf-a1ca-70d2392e391c,
5864,2022,2,17,17,a3c5c7e8-42f6-4c35-bebe-869b4913a8a7,
5865,2022,2,18,18,839afc0b-e0a3-4f34-8fc4-65f1fd8f1d72,
5866,2022,2,19,19,c82d0375-adb6-4710-a42b-05eb205c960f,
5867,2022,2,20,20,25344377-97fd-4e26-947e-c8c3e1c27125,
5868,2022,2,21,21,a8e2561c-3d37-492a-b7c4-be326b05f4b5,
5869,2022,2,22,22,bb967ec4-20b5-489c-b235-f7f52ac45699,
5870,2022,2,23,23,313c2f3d-3daa-4e48-ab38-e3ec763f6cab,
5871,2022,2,24,24,6f1056a2-15f5-4e98-b981-981cc5b8d0d4,
5872,2022,2,25,25,75a4ec94-d1bb-4413-841f-4d5fffc7483f,
5873,2022,2,26,26,cf66ec56-f797-4cbf-9a37-0129c5a5a717,
5874,2022,2,27,27,434a60f9-c286-44ce-98f6-36a2b2ce4a81,
5875,2022,2,28,28,405e8d1c-4cb7-4277-ab03-d6a1587576a8,
5876,2022,2,29,29,1f585025-0331-4ebe-9044-b260ed656b17,
5877,2022,2,30,30,47f6f6c4-1e58-4e82-9f52-8e3efd7c3b4b,
5878,2022,2,31,31,098e4c20-a3f6-4120-a964-69eca7df78e9,
5879,2022,2,32,32,ed7a71e2-d966-4b46-aa16-b0bcdede18b1,
5880,2022,2,33,33,b27b39ca-08dd-4d7e-9523-6f0b4e87be6e,
5881,2022,2,34,34,ba94c32f-edaa-47c0-94f1-185e86a2a0a3,
5882,2022,2,35,35,dc02e3ae-b422-4a2c-9a05-7f7d49bea41b,
5883,2022,2,36,36,baad39c7-bbd5-46ae-bc4a-74ff7038511a,
5884,2022,2,37,37,e1812544-99c1-4a48-8062-cbc282b215a3,
5885,2022,2,38,38,490c6455-9188-498d-b4d8-21858c45dbb6,
5886,2022,2,39,39,3a25beaa-982c-4d21-9665-fb87de4c88a1,
5887,2022,2,40,40,632abeb6-178b-4f10-b6ea-405a03e1abc1,
5888,2022,2,41,41,e2dd89eb-31f0-4809-a7b0-9e936ec9e3b7,
5889,2022,2,42,42,0da7475f-7ac5-4242-a018-2a52e0ece2c2,
5890,2022,2,43,43,05a15162-076f-4a3f-9b2f-14a96e275a9e,
5891,2022,2,44,44,00d2e3f4-8283-4176-9a12-5241eb3346fe,
5892,2022,2,45,45,331d315f-c9a6-41c9-a583-092fca3e6575,
5893,2022,2,46,46,23de2c7f-e20d-4fc0-b782-27eac521f368,
5894,2022,2,47,47,639eed9a-23e3-4261-8347-1a90775b7a1b,
5895,2022,2,48,48,05586c14-4287-46be-9c82-45e4a3435fcc,
5896,2022,2,49,49,d9882b3d-3561-4597-9d95-eb32acc3d050,
5897,2022,2,50,50,bd510864-7013-42e1-a191-f5458962e110,
5898,2022,2,51,51,cad302c6-c36c-4e36-a5ad-c4c893e09b85,
5899,2022,2,52,52,3373ad89-660f-48cc-9d52-3619bde33693,
5900,2022,2,53,53,cf3c99af-50f6-4b8e-9816-88622be5d352,
5901,2022,2,54,54,12ccae0a-c1e7-46ca-bce2-0701732912ce,
5902,2022,2,55,55,fe419878-99c7-4964-b4d8-6355505925c8,
5903,2022,2,56,56,6edcbcad-8d68-4e57-8e91-68ef0910cac4,
5904,2022,2,57,57,5a58b1a1-4afd-4638-8a4c-a253c483abd4,
5905,2022,2,58,58,960346f8-5851-4794-8c78-f3b7349e653a,
5906,2022,2,59,59,9288bcbb-0e45-40dc-9060-6ecf9157d84e,
5907,2022,2,60,60,a3803a6a-aaff-4e40-80d7-6f3d545f9c5c,
5908,2022,2,61,61,0378418a-d648-423a-b89a-c4519a57fe30,
5909,2022,2,62,62,5c7253f3-9df0-4878-bf81-4161e5eb8372,
5910,2022,2,63,63,9579768c-e9d5-42f7-af02-5924ed8e21e8,
5911,2022,2,64,64,9ea43478-1b98-44e8-950f-8ab198193ebe,
5912,2022,2,65,65,474b097d-095c-4e59-85f0-851b80c48c4e,
5913,2022,2,66,66,e754a3de-90a1-44d2-8fe3-d2d9d25d9206,
5914,2022,2,67,67,6b2f3c0d-72d5-4705-8b9d-40558cd23c0e,
5915,2022,2,68,68,83b2c0b9-d8e0-4f4e-abb8-7e1ca07bf5c5,
5916,2022,2,69,69,a0539532-a252-4e5a-9b26-c90a5ca39c5b,
5917,2022,2,70,70,573b33fb-d919-4382-b124-e1cf1f0de4be,
5918,2022,2,71,71,16037887-3bf9-4d37-9854-d63ee36e5a5a,
5919,2022,2,72,72,9f5fc8b3-f415-476a-98b7-17fb282a97b7,
5920,2022,2,73,73,2d1baab0-e5f7-4d13-adc5-d4375c13ed73,
5921,2022,2,74,74,46143292-688e-40cb-91fd-cd97d61f58f8,
5922,2022,2,75,75,99cfeaf6-7b78-42cd-b61e-b1d059a56e7e,
5923,2022,2,76,76,77175fab-c1d0-4659-82fc-1c47e1d69458,
5924,2022,2,77,77,5a823903-e8a7-4c18-97d4-db2a844d4129,
5925,2022,2,78,78,e36f06ab-88c8-48c9-a01f-afc764377369,
5926,2022,2,79,79,efaa3790-b9a4-4802-bd12-dfb7d4c319be,
5927,2022,2,80,80,b8092b31-7d4a-423a-bd52-cae228b19753,
5928,2022,2,81,81,3cf1105d-1f1f-4262-93ad-cfbc2fadba86,
5929,2022,2,82,82,081eb954-abbf-4f73-aff5-62d88cf2526d,
5930,2022,2,83,83,8e08f9dd-137b-4837-9155-d9f14f280b70,
5931,2022,2,84,84,1ac93bed-2f10-48a0-ac9f-4d84cd2d26ee,
5932,2022,2,85,85,7f231965-fb39-4dbc-8094-3cde8fb9a6f0,
5933,2022,2,86,86,215584fe-74c8-42d3-9a78-c3c319c66a22,
5934,2022,2,87,87,39634337-fe89-4e90-a3c9-4816b6b402e6,
5935,2022,2,88,88,f88e5eca-118d-4888-b771-183405d68cdb,
5936,2022,2,89,89,4db1fd06-f60a-4d10-9cc0-3fec0834d971,
5937,2022,2,90,90,0631ac51-5974-45a1-929c-f774b50e348d,
5938,2022,2,91,91,9cbaeee9-4622-4ec9-8f2d-4e41fba5059a,
5939,2022,2,92,92,90cc6602-acf5-468a-90f5-c26a0700faae,
5940,2022,2,93,93,f5b56d97-b951-417b-a684-8d39817899e8,
5941,2022,2,94,94,fe078099-278a-4168-ab6a-e3166c4d98c8,
5942,2022,2,95,95,5171d574-3a19-4ac2-bccd-c69d4f5e192a,
5943,2022,2,96,96,dcccae42-5a54-437b-ab25-b2bd616a6f60,
5944,2022,2,97,97,1ab4a19c-5db5-42a3-876b-f146641dd64f,
5945,2022,2,98,98,3ad2d55d-0e16-4d41-b046-73f33cb274ff,
5946,2022,2,99,99,2326ffb5-90f4-497f-999d-8cb11b58c022,
5947,2022,2,100,100,48873136-41af-4609-af8a-51a63aebb55a,
5948,2022,2,101,101,bb0d412c-64f6-499d-b0cb-da23b5fd58d2,
5949,2022,2,102,102,ed274f87-1ac8-404e-8d53-91a22288fa3d,
5950,2022,2,103,103,6bf6fda8-438d-4e6f-bf92-7adacc271490,
5951,2022,2,104,104,49529d3b-b081-4f22-85d7-82e0a2549c97,
5952,2022,2,105,105,ab27cf1e-3f7b-463e-aa0f-b45951445643,
5953,2022,2,106,106,9fa73c93-2afb-47be-ba57-acb3b1a24b72,
5954,2022,2,107,107,ccd38371-ba7c-46bb-a1e2-b4431dfc3252,
5955,2022,2,108,108,0077d035-5edf-495f-ac3e-43f911229287,
5956,2022,2,109,109,1879ebdf-b7ca-4f77-8756-4c141ace15fd,
5957,2022,2,110,110,1b0fc822-6b81-4656-8fc0-9f149571b34d,
5958,2022,2,111,111,7fdc00b4-7225-4555-b130-d397da668a19,
5959,2022,2,112,112,191279f5-f43d-4d20-ba5c-a01147e4ba5b,
5960,2022,2,113,113,2dda53ca-bf32-4c33-8c58-0e41a3f68c7a,
5961,2022,2,114,114,f35ec34a-e888-4d0d-8470-7a81582ed662,
5962,2022,2,115,115,86bf81ae-675f-40e7-99c7-195701afe226,
5963,2022,2,116,116,28020e12-14f0-426c-90e0-60814f8d8de3,
5964,2022,2,117,117,b2b2572b-d291-40a3-9325-95570d022591,
5965,2022,2,118,118,5ea09fac-df2e-43e6-8667-2021fee5e7a5,
5966,2022,2,119,119,a93e3ecc-afae-43f2-856d-e0395f0b4af7,
5967,2022,2,120,120,07ecbfaa-f82b-47ab-a889-f5628b2a141e,
4526,2023,1,1,1,796e4063-af68-46c5-8a03-cc281243a793,
4527,2023,1,2,2,0f6e9c7d-74c9-4173-ae30-9fdde9fb39df,
4528,2023,1,3,3,e3974a22-42ab-4d64-b061-fb12157f7ed0,
4529,2023,1,4,4,7ee3db17-d651-4b3b-8215-9251cb464236,
4530,2023,1,5,5,d1b7489f-8a32-4881-a731-8071a92e0cc5,
4531,2023,1,6,6,fc4dc831-3b0c-4bdb-8c1c-8fa15425d0f8,
4532,2023,1,7,7,ed8e4ee5-90e3-43fb-a681-e78765d1bd47,
4533,2023,1,8,8,d0cb380b-666f-4d4f-8f28-fde65f50daa9,
4534,2023,1,9,9,c7ca74ba-e92c-47c0-bc76-51123a0fa00f,
4535,2023,1,10,10,c1224102-2d93-419a-80cc-1a497697409a,
4536,2023,1,11,11,1d3eee7c-b2fa-4626-9ac2-7f1cbc2a9066,
4537,2023,1,12,12,53442f34-448c-404a-8828-539e1af7a518,
4538,2023,1,13,13,88494ce7-35f4-4c9d-a2af-4ea98802d02e,
4539,2023,1,14,14,b065aceb-43e2-4c57-9d8e-b7f0b7043170,
4540,2023,1,15,15,e72c98fd-b908-4617-a883-73c3f0869c61,
4541,2023,1,16,16,a1b2825f-9b1f-4bac-b4ca-e8603cf21a2f,
4542,2023,1,17,17,92e8574b-936c-4aba-bc31-f8881b5076ab,
4543,2023,1,18,18,61054f50-9867-49e8-a2b7-89fe9333e102,
4544,2023,1,19,19,f6614f5e-e324-432d-86a8-2d55ba08f2e6,
4545,2023,1,20,20,4fd4efd0-06e1-4201-afeb-e53aeec865a2,
4546,2023,1,21,21,ab7ac7b9-70e0-4b26-8195-feceed193326,
4547,2023,1,22,22,37a7b525-455c-4f13-a5fc-90226aef0958,
4548,2023,1,23,23,a38ac648-daf5-4062-bdd2-1c2fdb56eaae,
4549,2023,1,24,24,5b8bd553-122b-46da-a276-df2f5b68c55c,
4550,2023,1,25,25,26e41cdc-4746-4cba-9e60-6c7066b36bc7,
4551,2023,1,26,26,6488c365-3aea-4caa-902f-eb01f3cb9fd9,
4552,2023,1,27,27,e080a856-05bd-4bcb-847f-38fc4cdae946,
4553,2023,1,28,28,b8eeb907-330e-4c45-a6f8-b641dc13a613,
4554,2023,1,29,29,07f12e40-42c9-4624-a3fc-5d0269f9cec6,
4555,2023,1,30,30,cfd73bdd-c1cf-439b-b121-e7979e0d80b7,
4556,2023,1,31,31,85ba8577-5b39-4a1f-8045-1e0ce158c5ff,
4557,2023,1,32,32,8fd17ef0-9681-441b-b481-4d8e4bcb679b,
4558,2023,1,33,33,b72b0cf8-2e4f-41d3-8ede-668dd8e16f50,
4559,2023,1,34,34,c29ff045-fbcf-4213-8865-4002b8df91e8,
4560,2023,1,35,35,112a241b-3ad3-4c08-a8a5-5f72cc845237,
4561,2023,1,36,36,522ac9d4-7a8b-4421-bb44-346234bf1b2b,
4562,2023,1,37,37,9a3eb9a4-3a57-40bc-8203-61c26052a234,
4563,2023,1,38,38,d9ee23c7-28e3-4b75-beeb-45fb245a51d9,
4564,2023,1,39,39,b38a6426-3069-4e9a-a039-6b53152ad3e9,
4565,2023,1,40,40,b797b927-37a8-4fb2-a62f-fe9435ab0f2d,
4566,2023,1,41,41,f9b599af-ceae-4aeb-b230-e94920479da7,
4567,2023,1,42,42,14c2177f-8208-4e53-a062-af13130e319a,
4568,2023,1,43,43,33644c1c-62e0-454d-8c97-e554aadcbcd4,
4569,2023,1,44,44,1958d991-4d6e-447a-bb4b-e9ca80db61fb,
4570,2023,1,45,45,6715e7f2-7707-4aea-9e2a-8bfb34682469,
4571,2023,1,46,46,ab63d3e3-0b1f-438a-af26-7fa4b5395d0f,
4572,2023,1,47,47,e485ae4f-71dc-40e5-bebe-69fc8725db5f,
4573,2023,1,48,48,56666efa-a01c-4e8a-8f3d-9a7dce8cb9f7,
4574,2023,1,49,49,5e41cdc3-3c62-4fbd-8cca-0450f0d3ae98,
4575,2023,1,50,50,f23faa1c-9df7-42ca-bc62-ea0fb79ad48c,
4576,2023,1,51,51,4bd70f3b-fbba-4302-b437-170f9e92e46d,
4577,2023,1,52,52,8692a175-a8cc-4dc9-9aaf-c2f6a60bc4d2,
4578,2023,1,53,53,92cdd557-9da4-4ca8-a2f6-cbc7ca4f9bd1,
4579,2023,1,54,54,eea2d28a-b757-4211-a1e5-02e1f7e56a84,
4580,2023,1,55,55,0b747889-1047-4524-ac82-c79c39b0b8fb,
4581,2023,1,56,56,091f0111-c0ce-4e11-9b0d-e2dca6f7cb02,
4582,2023,1,57,57,e03a978e-a2e3-47e6-9521-007607008fe7,
4583,2023,1,58,58,5d567143-9a4f-4c65-8a1e-1ad0c9aaa336,
4584,2023,1,59,59,8651ff19-fccf-41b2-a0df-0a51a71063d4,
4585,2023,1,60,60,cb4a7a67-2a4f-447e-9d73-391a89b2710a,
4586,2023,1,61,61,2ce81379-e0d8-40bf-bc5f-afaf159310b6,
4587,2023,1,62,62,80b0ca91-388d-4893-881c-687365ba3fbb,
4588,2023,1,63,63,8a9856e6-c2a9-4579-b267-95de8f6bf72b,
4589,2023,1,64,64,c39e0c41-bce7-4927-95d5-d6d394237921,
4590,2023,1,65,65,4330b83d-9ee1-44f4-aa09-413fe0187e24,
4591,2023,1,66,66,045fe3ac-2fe4-4682-ba82-db78d18fe882,
4592,2023,1,67,67,b7fd46aa-707a-465f-a1ef-ffc4780b1132,
4593,2023,1,68,68,17bfa96e-4532-4a4b-a851-f0a81b85ddb5,
4594,2023,1,69,69,8f634f50-0815-4457-96bc-e8d0c5fbf7b8,
4595,2023,1,70,70,0a5df596-ca5d-474c-a973-480ac8527cee,
4596,2023,1,71,71,67917dca-2fb1-4d1c-8a65-8bcd55b88eab,
4597,2023,1,72,72,63a5bb67-168b-4aaf-9990-707e94f59be0,
4598,2023,1,73,73,681c741e-7e9b-4868-b900-8e31271e6fe5,
4599,2023,1,74,74,1dcc8107-109c-41dc-84fd-3dce6ca1562f,
4600,2023,1,75,75,8254bf17-6e24-47ef-a739-0b2faf06879c,
4601,2023,1,76,76,111ddf4c-dd76-486a-8f41-c90bf5190429,
4602,2023,1,77,77,1ab9c855-7f57-43f2-bec9-0a358c03407a,
4603,2023,1,78,78,c4036456-2dd6-49b4-8ca9-d3db10e92e3b,
4604,2023,1,79,79,42b637c4-b2c8-4829-ae23-d0e2c51dd5f2,
4605,2023,1,80,80,c5f51eaf-4909-4eec-9b8f-cd3e51f86b61,
4606,2023,1,81,81,e5394e85-e7db-4f50-9c24-b362504a5ede,
4607,2023,1,82,82,c957c56f-a8bb-4b98-87e2-8312c3db7b0f,
4608,2023,1,83,83,6305072c-b185-4bae-bc26-b3277b186828,
4609,2023,1,84,84,37354613-7fa0-47ed-8860-76597d81417e,
4610,2023,1,85,85,e43977a4-ee8c-487b-b46b-3b0eab013580,
4611,2023,1,86,86,7f98d613-a602-4a76-a204-3421ebeffd92,
4612,2023,1,87,87,e17a3116-7cfb-4799-8783-f492e2f7387b,
4613,2023,1,88,88,0be331c2-6bd2-4b92-9eb5-c58879f1ff64,
4614,2023,1,89,89,4fd9d847-f17c-4b8f-a025-b233c6a02400,
4615,2023,1,90,90,0367367c-8313-4d75-affb-ec624d052b08,
4616,2023,1,91,91,5b8c23ce-82e1-4038-a14d-5c128d34f109,
4617,2023,1,92,92,f1989868-3c80-4cba-893e-a0a055427669,
4618,2023,1,93,93,ffe274f6-ad21-4104-a3e7-a82f17e69680,
4619,2023,1,94,94,d0ad40ec-5bcc-472b-a866-925bea1ce4a9,
4620,2023,1,95,95,71d80209-93a6-4d39-a97e-a66e190f4d83,
4621,2023,1,96,96,0da7fb98-fb0b-4319-b841-1fc48d63f713,
4622,2023,1,97,97,f9ce9652-7e9d-4e68-b6ff-0ce3e8f7d98d,
4623,2023,1,98,98,0030c365-425d-4418-b2ad-92bff7cd0063,
4624,2023,1,99,99,90a3a287-2c54-434c-b7d6-42bf5e8a3cbb,
4625,2023,1,100,100,17e559e2-08f3-4787-bb00-ac8118449aac,
4626,2023,1,101,101,e8206153-f33b-4373-a2d8-4bc17a599fbb,
4627,2023,1,102,102,ed432ac7-c512-45a0-8b8d-226ecc2a8f68,
4628,2023,1,103,103,ee2f0f7c-4a2a-4330-afa1-55d815411a9a,
4629,2023,1,104,104,aa98b806-e152-43b4-a936-766a836d5703,
4630,2023,1,105,105,f8cbc69e-2810-4e0d-8041-18894dfe5b4d,
4631,2023,1,106,106,e84f8281-1a68-44d1-bc10-da82bc9691da,
4632,2023,1,107,107,46ed68e9-a6f1-4854-a0ca-f25dbe830c08,
4633,2023,1,108,108,20406953-c373-48eb-9039-7c3eaf7ccec1,
4634,2023,1,109,109,8e031eaf-8407-4bf0-bc93-5653dd341de7,
4635,2023,1,110,110,5b23011f-13df-4592-8a63-155697a73c4b,
4636,2023,1,111,111,ed4bde06-2e86-4b6e-ae6b-cbe4dad492a9,
4637,2023,1,112,112,2f06a1a0-3cc9-4bf9-8be1-79c529ccc552,
4638,2023,1,113,113,5a327634-ea82-47c8-9edf-f628932ceb23,
4639,2023,1,114,114,a8d72bcb-5cc3-40fd-a0d6-700adbcb5e49,
4640,2023,1,115,115,a416e220-17ea-480b-9e46-58e717bf4cf6,
4641,2023,1,116,116,bcafd557-aaf5-44dd-a985-6f66af24faf0,
4642,2023,1,117,117,0dea5dc8-c25f-4ca2-ae46-cc6216a7a8e2,
4643,2023,1,118,118,2302baa9-7181-4b4c-9e65-3377dc183baa,
4644,2023,1,119,119,2a80a939-15e5-4ba4-80a2-597315859416,
4645,2023,1,120,120,6f54a4dc-6ae7-4e78-82ac-0f57d11a142f,
4406,2023,2,1,1,f65d30e3-574c-46ad-aefb-8c08d0342a52,
4407,2023,2,2,2,fb34424f-7334-4db5-8efa-57e58f9852e9,
4408,2023,2,3,3,a1756013-e4b7-461f-bc7b-5f9e22e92925,
4409,2023,2,4,4,ac923944-f549-40c9-a287-a49d85142d8b,
4410,2023,2,5,5,cd7487e2-9413-4eed-912a-8b29b5a792cb,
4411,2023,2,6,6,7a209da0-5c7d-4ca9-892e-073920bbd2b9,
4412,2023,2,7,7,c0c5761d-3ecc-4c75-9144-7b11fd3e9d58,
4413,2023,2,8,8,ac8f0119-c4c8-489f-b953-df8577fb9b31,
4414,2023,2,9,9,5d2a3924-3029-401e-8e7b-920d2ec1780b,
4415,2023,2,10,10,be9451e0-9ef7-485c-8200-e51ce74adb35,
4416,2023,2,11,11,30b66f79-5558-4bd0-a793-895bc02a04cd,
4417,2023,2,12,12,fcc52842-e91b-4efb-9eee-557f3d202904,
4418,2023,2,13,13,c95d83e8-19e9-404f-9f6a-2b00e2699944,
4419,2023,2,14,14,b66fda8a-8bb6-4e60-8264-1b0296259be8,
4420,2023,2,15,15,0ac13128-6067-4e3e-b5b8-59af68d455c9,
4421,2023,2,16,16,a7a856a9-4fee-4176-a90f-3d4213404f03,
4422,2023,2,17,17,a7ac1bc8-46bd-481c-b938-462d30102cab,
4423,2023,2,18,18,2500213d-0c50-4af3-9b9b-fd8fd895b54f,
4424,2023,2,19,19,6d79b147-297e-440a-9f8f-bef2ded23cd4,
4425,2023,2,20,20,e4e18782-8e09-4f7f-b1c3-ea41572de45b,
4426,2023,2,21,21,134d8eeb-fb17-43c3-a225-30217a4c8c37,
4427,2023,2,22,22,bbec4b8d-f6bd-40f1-9cff-4febd03af28a,
4428,2023,2,23,23,8b874070-0a0c-4bff-ac18-0b66896c88a1,
4429,2023,2,24,24,5982d418-9083-42c1-bff6-14bc23cb50d1,
4430,2023,2,25,25,3aba2ef7-2dcf-436a-9bfb-e6d837efc031,
4431,2023,2,26,26,cf131c12-bdf9-4564-a3df-05caa60ac0a6,
4432,2023,2,27,27,5541ca50-6534-4d35-9aaa-1c81c839dfdc,
4433,2023,2,28,28,44d7b512-f7b7-4e03-b4e7-3d03c5644bda,
4434,2023,2,29,29,91534919-515f-4a58-b367-958ab0cc6461,
4435,2023,2,30,30,86693e62-858b-456b-ad4c-3393abfe5d6c,
4436,2023,2,31,31,ae673c9c-f138-474f-a282-87c7263fcc6c,
4437,2023,2,32,32,93ff35d3-f23d-41fd-a0f5-683a70f0ac70,
4438,2023,2,33,33,ff4c3ccc-0141-4676-8e83-8773c028745b,
4439,2023,2,34,34,c050ff03-d229-4278-b06a-c0278d5fbb29,
4440,2023,2,35,35,8646d684-e15d-490e-b1b3-d8af4268c109,
4441,2023,2,36,36,2aa40e03-51a9-4013-b925-78ad208300a8,
4442,2023,2,37,37,dd960add-bc45-48b5-8b4f-1a6e3cf8e0ca,
4443,2023,2,38,38,07f3eb95-0450-426a-bc09-1d904f214437,
4444,2023,2,39,39,c91bc18f-d82d-4aea-88a8-a5b48370180c,
4445,2023,2,40,40,7188701d-06af-4dcf-a9a8-8272ed931433,
4446,2023,2,41,41,9b456554-e63e-4bcc-8d38-7aa0a0bb40f3,
4447,2023,2,42,42,dd01ee4d-a51f-452e-9752-d255fb969e21,
4448,2023,2,43,43,eca796b8-691f-4176-8bbe-c4d004651d34,
4449,2023,2,44,44,a0c48955-77e6-4ffe-a3d1-5d018bca5687,
4450,2023,2,45,45,4e7cc7d9-7648-44a7-89d9-59a1e381f1d6,
4451,2023,2,46,46,24a104c0-f421-423a-b5d6-cf33e5226c52,
4452,2023,2,47,47,a94f01b7-8b02-477c-b07e-8fa57be2f4b6,
4453,2023,2,48,48,af9b7eda-8189-4cbf-948d-78a910951559,
4454,2023,2,49,49,658e55d6-20e5-4df1-bbe5-2c12cb92510e,
4455,2023,2,50,50,4278028f-6907-47ef-af44-c56bc2b61185,
4456,2023,2,51,51,3b0a317c-a75f-4b66-9633-9239054f1138,
4457,2023,2,52,52,9e2ac456-311c-468f-886f-36c5c8383abb,
4458,2023,2,53,53,e6e793f7-6df3-46fa-88c0-6a4d0e952dac,
4459,2023,2,54,54,a9fa64fc-7de7-4cc9-a9cc-e10c46c62358,
4460,2023,2,55,55,70854794-3303-4464-9749-34dbaefeb6d5,
4461,2023,2,56,56,f4d05759-7d73-4fb4-9314-15a53ad2149f,
4462,2023,2,57,57,c764e2d6-675f-40f8-b4cb-1604c1cd1a33,
4463,2023,2,58,58,9eea6bb3-2cb0-4445-b18f-744fd6b8b9c5,
4464,2023,2,59,59,9306979a-ad09-4224-90ec-6addb0dc3d98,
4465,2023,2,60,60,4abe6edf-c1a7-485d-90dd-d972366079f0,
4466,2023,2,61,61,e99f3eaf-c711-4272-bf44-d436015544d2,
4467,2023,2,62,62,5c745801-88e0-4bf3-9b07-9efcc7b2b237,
4468,2023,2,63,63,bb5142b4-ace9-414d-8f6c-d150c1e2121b,
4469,2023,2,64,64,d7236026-f94d-4c7a-8d07-fc45d107d19e,
4470,2023,2,65,65,59b8bb6f-3819-4583-818a-b7e80e0b59a1,
4471,2023,2,66,66,8da8f253-fb85-499c-adba-238812662c99,
4472,2023,2,67,67,e3940315-4fee-49cf-a0d3-36a0b8b91ae7,
4473,2023,2,68,68,738f5a31-ff09-43a3-993d-414ce03cab0f,
4474,2023,2,69,69,e8267dd7-2bc2-41bf-8350-0b61556b3fc9,
4475,2023,2,70,70,a3366540-e3eb-4acf-bd91-a718a5518589,
4476,2023,2,71,71,21ae1208-869f-4561-9474-e009ed8a8960,
4477,2023,2,72,72,263956d1-e142-4dfb-a164-0916ee570c34,
4478,2023,2,73,73,fcc8b75f-521c-469a-ba9e-4f85df682b6f,
4479,2023,2,74,74,19fe5992-c4b3-40ba-97e3-84a7179796d6,
4480,2023,2,75,75,651cabb7-2c9d-4e7b-8e56-0dbd89e0eee7,
4481,2023,2,76,76,f668bbfd-1183-405f-8148-b4903b9fa97f,
4482,2023,2,77,77,ae43bdfc-d6fd-42b3-8815-1e96a3ebb488,
4483,2023,2,78,78,3980d906-5e8c-4a12-8a4a-8f7d8aa072a7,
4484,2023,2,79,79,ae015817-0ad5-47e7-9c9c-5ccff6628572,
4485,2023,2,80,80,0b4da8de-87be-49a3-8205-c848585af077,
4486,2023,2,81,81,71e34f9e-fff7-434d-bf19-95cc9034fcba,
4487,2023,2,82,82,ff5155b9-e6e9-4c20-bd5c-bd6624d0a0c8,
4488,2023,2,83,83,8ec558c7-ae76-4c74-ad45-df0506a52697,
4489,2023,2,84,84,cf8df018-adb1-486d-a3e2-f108311bffa2,
4490,2023,2,85,85,4aecf5ba-b6df-4ecd-9e3a-14eb3c70b381,
4491,2023,2,86,86,78b4987b-199b-4b95-83bc-4806578e5c67,
4492,2023,2,87,87,c0fe2871-f9f8-4cf7-8757-4f9c1597d34d,
4493,2023,2,88,88,49d51d29-e3cf-45e1-92a1-9210f8d5c31b,
4494,2023,2,89,89,de4d5602-c611-4dde-a6f7-909ffd9d5da9,
4495,2023,2,90,90,691c3312-34d9-4e12-8fc8-374ef5484aaa,
4496,2023,2,91,91,115ec058-e052-4db5-a21b-b0266ce4b22c,
4497,2023,2,92,92,f2238696-fb26-40c2-92ff-a9a2e3a1b27d,
4498,2023,2,93,93,ef55d79b-767c-4155-89d8-2eeb45095e29,
4499,2023,2,94,94,36872e0b-59bc-40ae-88e2-1c289cf3f7ad,
4500,2023,2,95,95,e108ca57-7030-4262-bba2-8af84177443c,
4501,2023,2,96,96,7f290111-0913-483f-a39b-924015e928fe,
4502,2023,2,97,97,751ba179-3d0d-463b-bb78-667e971683e1,
4503,2023,2,98,98,014606e7-ec9c-4eca-884c-2c109fdce03a,
4504,2023,2,99,99,ff4805e2-10cd-49ea-97dd-9e11a381ff99,
4505,2023,2,100,100,1a6e3843-9c1e-4826-a101-a2f590f63264,
4506,2023,2,101,101,cb6e9f32-5292-49e2-a8fd-8cf884ee1298,
4507,2023,2,102,102,805e75e5-3f30-44aa-a703-9e3d49535192,
4508,2023,2,103,103,bb20331b-9a4a-4a74-aea6-476600dc9e4c,
4509,2023,2,104,104,c070f11c-9fd5-428c-87bc-87ed6232dcfc,
4510,2023,2,105,105,961d0b2d-7836-4df2-90a0-04694ed69898,
4511,2023,2,106,106,c25a969b-88f7-4816-9729-efaec5b877e5,
4512,2023,2,107,107,9829021c-5e7c-45b3-b817-85a4d62ee3ed,
4513,2023,2,108,108,8cc78d30-b177-410d-91b8-c64946fd6ede,
4514,2023,2,109,109,ec2aadc0-307a-41c3-8818-83ae3fd87fcf,
4515,2023,2,110,110,84640c41-0b00-4072-8dcc-420b46dd493c,
4516,2023,2,111,111,209ab334-db84-4c99-ad4f-bae7c3f288ee,
4517,2023,2,112,112,490adff1-40fd-4410-96d5-d7a850b16bb5,
4518,2023,2,113,113,2a69824e-6f0d-40da-95e2-9041c288fef9,
4519,2023,2,114,114,a8b67e10-f928-4acc-b1bc-b15650aa66a7,
4520,2023,2,115,115,c3d9b805-62e1-458e-ad0b-6a70a088b048,
4521,2023,2,116,116,ae13d2e2-ec76-46fa-b7d6-e2f23fde4eb9,
4522,2023,2,117,117,5c97f593-33d7-48cc-bcf4-b43d4ec6d7c2,
4523,2023,2,118,118,21645955-481a-4181-93bf-13d4aa86b1c4,
4524,2023,2,119,119,5af62c36-5a0a-4d9c-96d6-57be6e47ac34,
4525,2023,2,120,120,0f41006d-9537-4f06-b650-2d67a7cd574b,
5126,2024,1,1,1,5ff6d18f-8eb1-4424-8892-291b6ddc372b,
5127,2024,1,2,2,58421093-964f-4c6e-b115-4f5a61149196,
5128,2024,1,3,3,b3c1df2d-4fc8-468e-a0e5-fa52faddcdf6,
5129,2024,1,4,4,92811120-aac2-4e55-8a36-06b0e9dd46fb,
5130,2024,1,5,5,a959b529-a535-4439-b5ce-67c32c08ef78,
5131,2024,1,6,6,55c2a57e-f6b1-4573-9bd4-881841b79157,
5132,2024,1,7,7,6519236e-4566-42ff-ab61-64ad783fdd7a,
5133,2024,1,8,8,5cce4c41-1a8f-44ed-886f-5b4946b125df,
5134,2024,1,9,9,b3671dfb-c5ba-4fe6-bd3d-b73fc170224e,
5135,2024,1,10,10,869ac006-0461-4230-bb7f-8c30788980aa,
5136,2024,1,11,11,8aeb9952-c62b-4af5-96ba-a80b1172c834,
5137,2024,1,12,12,f4432607-20e3-44fa-8b78-356010003435,
5138,2024,1,13,13,fba15d9d-992f-4275-ab79-664e71d60d66,
5139,2024,1,14,14,7a82c534-dbb1-4182-b398-80621dcec54c,
5140,2024,1,15,15,fc040b96-2835-4560-b51d-b8ff6a30b80e,
5141,2024,1,16,16,c23bcdb0-e1f4-451b-9b70-93561c9fd6e2,
5142,2024,1,17,17,236acb1b-9997-47e6-ad5e-b0ef11742404,
5143,2024,1,18,18,728de3f3-33e3-4172-abe3-42f39463a8c7,
5144,2024,1,19,19,7f12cb9e-e23e-4184-b46a-055f6755d7fb,
5145,2024,1,20,20,afef5df7-90a8-47e4-b61e-6f1447029f70,
5146,2024,1,21,21,3cdb958c-02a7-404d-8e09-8295aa5a1c02,
5147,2024,1,22,22,0e48a262-3dd4-4e95-ae7a-e1088bea024f,
5148,2024,1,23,23,b87549b4-b8c3-4f41-8250-a6ad608bfb3a,
5149,2024,1,24,24,50430a10-c368-45f5-953c-c4215a5e2543,
5150,2024,1,25,25,d265197f-cfc6-4a06-ab8a-f08be8df99aa,
5151,2024,1,26,26,d05b6d90-0a6b-469d-86b2-07894d639835,
5152,2024,1,27,27,92915433-2f05-4568-9e0f-62cb65c4e41f,
5153,2024,1,28,28,b1e51d3e-5c8c-45d2-8a99-a9e3a85d1134,
5154,2024,1,29,29,aefe4711-1bd6-41bf-9b79-876398c78f5b,
5155,2024,1,30,30,98932971-e0b3-4727-9839-5fa8a38831d2,
5156,2024,1,31,31,1cb69354-73ab-4c02-9476-5ab1c9b40a30,
5157,2024,1,32,32,7a6807e6-3ebd-45d8-a7da-334a95aa0d94,
5158,2024,1,33,33,b4bf4961-8bc3-4401-a190-5c9b11cdb838,
5159,2024,1,34,34,4a45d8b2-1df5-4fbc-b320-0bab541341a4,
5160,2024,1,35,35,349339a7-9f5c-4676-8055-c0ff6bfd9b9a,
5161,2024,1,36,36,905c480f-0f44-48c7-9fc9-c37dc6081df6,
5162,2024,1,37,37,9e58638a-0cb6-4f01-bf7a-84fedb9a1b99,
5163,2024,1,38,38,96de87b4-b589-49f4-8f1b-01d445323196,
5164,2024,1,39,39,56f7b498-f08e-4ef3-af3a-0eba95ec80ad,
5165,2024,1,40,40,d995f3d7-775f-4128-bfa7-ecc2887c7ab3,
5166,2024,1,41,41,549edc90-5e45-4c24-b346-67c8fd84d8c2,
5167,2024,1,42,42,bf8cb5de-0034-43e2-9b4e-8093309bedd6,
5168,2024,1,43,43,566fb0d9-bcf2-4f92-987c-e1b273d4f67e,
5169,2024,1,44,44,69d654c3-bf6c-4bb2-a6d8-1216dc65a205,
5170,2024,1,45,45,1378bbff-133d-414c-9ddd-a77eec94837d,
5171,2024,1,46,46,1cf58863-5955-4346-b5dd-33e765d15482,
5172,2024,1,47,47,bdbc412d-dce0-46bf-94a1-41cc9a11a218,
5173,2024,1,48,48,aa803c33-0269-4115-8a68-f359e70a21e5,
5174,2024,1,49,49,2fb72f17-824d-47b6-8be1-4fbd1c229013,
5175,2024,1,50,50,beb45a27-7bb8-422b-be29-5911f87ccf49,
5176,2024,1,51,51,a928ed43-4f86-42a1-8d25-5e1341a39036,
5177,2024,1,52,52,37cc4f1e-3a81-4eb4-a0c9-b89354a0c7de,
5178,2024,1,53,53,883d24c1-a479-4579-8077-0d4fd09da49c,
5179,2024,1,54,54,bf9770d5-2fca-41c7-8016-fcc37857acdb,
5180,2024,1,55,55,4aa9271b-e840-442f-9253-b90b014156be,
5181,2024,1,56,56,339a353e-b77f-48a8-bb13-3f3ca722a044,
5182,2024,1,57,57,83274fac-e940-4ce7-89b6-cad429e8c858,
5183,2024,1,58,58,2b0dd9f4-e16a-4f1f-aa87-dd5701262397,
5184,2024,1,59,59,9d08efa0-94b9-471d-8951-91570936dacd,
5185,2024,1,60,60,9f09e7aa-694f-4aa3-b8d0-417036f49237,
5186,2024,1,61,61,b4880230-a829-4e2f-8968-74ccfc11569d,
5187,2024,1,62,62,7b877eb4-0c4c-44e2-bd9d-f7c8aafc9f77,
5188,2024,1,63,63,bc2ab317-9b22-44d7-bb48-12042eee6f65,
5189,2024,1,64,64,2129f30f-1d64-47ac-ae39-a72b3c17ac0e,
5190,2024,1,65,65,d174269b-4b20-4428-b7e4-4732020e4e57,
5191,2024,1,66,66,383adc89-8b62-46b7-a663-f4dcbae5c923,
5192,2024,1,67,67,e3428618-63af-45b0-ba7b-867fbf6dc878,
5193,2024,1,68,68,bcef4478-2af1-47e0-a784-3504f6675e5f,
5194,2024,1,69,69,a8a616c4-d7b8-466c-a872-2d8fd8eb9d83,
5195,2024,1,70,70,69c4d91c-d397-4c49-b19d-26ef0eb37886,
5196,2024,1,71,71,10fe05b6-fff9-44bd-925b-f091f59b2d29,
5197,2024,1,72,72,b41df0c8-4aab-4866-8df0-7548bea183cc,
5198,2024,1,73,73,90d8ebc9-eb62-48ed-ac02-1c6c1a2aaf9f,
5199,2024,1,74,74,58f241bd-9847-4776-a870-a5c3b39279b0,
5200,2024,1,75,75,2b7d7601-5f8f-4ca5-a2e5-c6c8859426e5,
5201,2024,1,76,76,b2333954-2a89-4cf5-8b9d-f3562fc084d6,
5202,2024,1,77,77,71538a01-2747-464c-ba23-0a1a7240e523,
5203,2024,1,78,78,69dd7387-ee8c-4bc7-9d55-1607b8bd1ea9,
5204,2024,1,79,79,57620c82-7707-4715-b51d-64107c0ef893,
5205,2024,1,80,80,758747bd-06ca-4e1a-95f3-8e7ccdc0628a,
5206,2024,1,81,81,ee28a268-6493-4249-aed7-1f85a8e8f71c,
5207,2024,1,82,82,9976409d-9c16-469d-b15f-ff1306b9b862,
5208,2024,1,83,83,b13d78f4-c15e-4b4a-a7ed-31c56f88379c,
5209,2024,1,84,84,1262f934-9586-4200-bf8e-516a9f656cd8,
5210,2024,1,85,85,fd78fb15-e365-4a5c-ad11-dbc420177d2a,
5211,2024,1,86,86,0565e91c-8705-4443-8a40-59e93ceedccc,
5212,2024,1,87,87,27f5087a-d09d-4358-a673-5525cfaf7679,
5213,2024,1,88,88,09aa8eab-4837-4c73-80be-bbbd76a435a1,
5214,2024,1,89,89,4ff10f65-60d8-4126-a0ae-8eacf5edc737,
5215,2024,1,90,90,f9cc69b6-d237-443d-bce3-c93da9ec32d8,
5216,2024,1,91,91,7e8d4c9c-1440-4b49-9119-e7ead21a5219,
5217,2024,1,92,92,f1379f7b-e052-47f7-afcd-0050eefcb362,
5218,2024,1,93,93,aecf2ed4-b053-4725-9059-1aa151271697,
5219,2024,1,94,94,19c68e6c-6d23-4d25-bb87-58629ae211ea,
5220,2024,1,95,95,8847361c-853a-47f6-8ef3-1c7c4a779718,
5221,2024,1,96,96,25a69e48-ce91-49a1-a9a2-59e3be9cc860,
5222,2024,1,97,97,7be91b47-2990-4292-a3c1-504c128a8dff,
5223,2024,1,98,98,0f31d9b4-d5c1-45ab-89ad-0127c1d0846a,
5224,2024,1,99,99,42ceb5d2-b9be-46f3-aa08-fce2f4862e95,
5225,2024,1,100,100,639f8279-6a0c-48b0-83af-497b7ededcde,
5226,2024,1,101,101,419c45a8-b6a2-4c4c-8463-bc1b553118fc,
5227,2024,1,102,102,932a29c4-a72d-4245-a175-a2bcd5ab73ca,
5228,2024,1,103,103,8bf38473-eef7-4a9e-ab66-3a94c9eba708,
5229,2024,1,104,104,96aba4f4-fbc9-408e-81a8-3042b44dc095,
5230,2024,1,105,105,fccc1e5b-27f8-4c6f-8c1b-a169590156a4,
5231,2024,1,106,106,d72e0131-134b-4baf-b206-9aaef9715690,
5232,2024,1,107,107,121e0e54-b969-4251-85a8-030fe4e69453,
5233,2024,1,108,108,d23db930-3655-4019-82a3-7b5c46eaff9d,
5234,2024,1,109,109,01c817dd-fbea-4a02-88c1-0e10b086c0e1,
5235,2024,1,110,110,9c4a7c6d-7ee3-411e-a5bf-2c497a3dd42d,
5236,2024,1,111,111,50b8f826-4daa-42bd-9de0-99cf43d3ae82,
5237,2024,1,112,112,1ce0df53-2bfd-4816-9c43-65be93d0cf44,
5238,2024,1,113,113,e1774dd6-3311-4f53-a645-77093cb60558,
5239,2024,1,114,114,2a330d88-2820-4bb4-8b70-c010fccc79eb,
5240,2024,1,115,115,c7fa8a35-8ef4-41d9-8c9d-6ba539f79e96,
5241,2024,1,116,116,3474dd45-b4f7-4036-ae40-8971319b4940,
5242,2024,1,117,117,72afed5b-0d08-45a6-b449-49c6044971d1,
5243,2024,1,118,118,439d35b8-0942-4732-8f76-f1281965f619,
5244,2024,1,119,119,a94c246a-3932-4e42-883c-435a009b5152,
5245,2024,2,1,1,3c1fa129-ceee-4683-a1f9-85e98c0b4138,
5246,2024,2,2,2,5660b268-3b61-4977-bc5b-23714bf16d09,
5247,2024,2,3,3,f17a9ef2-5772-41b4-b8d4-d1c7c8f7e645,
5248,2024,2,4,4,2f1f5959-25c4-4522-bbfb-0373f29c6003,
5249,2024,2,5,5,d7cc4ffb-6ae7-40c3-9b96-e4709a87c224,
5250,2024,2,6,6,408eae4d-1e56-4370-881f-52d7bc676737,
5251,2024,2,7,7,018739aa-4134-49b5-98d1-a20822dbbe56,
5252,2024,2,8,8,f8dcf554-a50e-4fe2-9ba2-c4fb5012978a,
5253,2024,2,9,9,b0315278-5625-434d-9859-32486e58f657,
5254,2024,2,10,10,1c0def8d-b8d7-4be1-ab28-5431fba96707,
5255,2024,2,11,11,0e29189e-94a7-4478-98ff-d1df31cbf7dc,
5256,2024,2,12,12,5c100ac0-5178-4dd0-9502-f0e508adee3f,
5257,2024,2,13,13,0c919e0c-f729-4180-b3aa-bb597978af7c,
5258,2024,2,14,14,e5c3dcf5-e491-40c7-a1fa-39bba2b88091,
5259,2024,2,15,15,b715e0f2-09d7-4d2a-86d1-7b0ecf66f8e2,
5260,2024,2,16,16,6bfa6209-bf95-4a85-b6f6-57855a11e948,
5261,2024,2,17,17,1f72cf72-a475-4ea3-8ffe-b165c685f75a,
5262,2024,2,18,18,fd2c5844-1413-4503-afe3-b17a315d4b15,
5263,2024,2,19,19,b5ebe486-004f-405c-8797-e197a9f41f0f,
5264,2024,2,20,20,96f07788-e03e-4619-b3dc-3e672015675a,
5265,2024,2,21,21,43022004-7e2c-4c18-a53d-f0743c7322d9,
5266,2024,2,22,22,2b1e4fe6-4e92-4fbb-9a73-055afbd9d863,
5267,2024,2,23,23,e6b8919a-e69e-4804-8e1e-328c7ce6bfd5,
5268,2024,2,24,24,a02ebd5c-8af0-46c2-ae03-db710d91b691,
5269,2024,2,25,25,8c895bd6-2881-419e-a1f4-2f3b0194ebbd,
5270,2024,2,26,26,742f8e81-1330-4bd0-a254-7e8b0b20648a,
5271,2024,2,27,27,7d71ef74-7da5-4bc7-93a5-a7be135cd5f5,
5272,2024,2,28,28,86ca2a55-d555-4ca5-88ad-a09defbd41d2,
5273,2024,2,29,29,25a280ea-8551-4f6f-abdd-f06bfc2a8b74,
5274,2024,2,30,30,a1e103bb-6b59-4c52-970a-265b042865b1,
5275,2024,2,31,31,d6b9d8d5-5d39-40ff-bacf-8ffe235f2abb,
5276,2024,2,32,32,ccda09f8-2715-407c-936b-938eaa36b85b,
5277,2024,2,33,33,a21b577c-f202-49a1-918a-22a812e80439,
5278,2024,2,34,34,cf39d7bc-3525-42f4-a8b3-27a1ab5069e5,
5279,2024,2,35,35,28704ea1-9e47-4fed-b200-ddde2a7d7a32,
5280,2024,2,36,36,7f2d3ee8-002a-498d-85ed-7e3fee61d118,
5281,2024,2,37,37,504d5349-fc10-4508-bf84-b53b287f9ce8,
5282,2024,2,38,38,1b76610e-0a42-487c-a782-fa66beae9d7f,
5283,2024,2,39,39,392ebb7a-fee0-4779-826c-7891e12bf87c,
5284,2024,2,40,40,0f1add91-546a-49b1-8a37-277a96ba005d,
5285,2024,2,41,41,7c6114fd-a2c5-4556-beaf-313b6da2c84d,
5286,2024,2,42,42,f129f0e2-9e31-4ff2-9556-d9c3855c066b,
5287,2024,2,43,43,8f9bfed5-071c-4fbd-8774-8dbf08e8a39f,
5288,2024,2,44,44,84b88537-d0e8-4018-babb-7c9a71e271db,
5289,2024,2,45,45,8521762b-43c0-4668-a0a8-053d9dee746d,
5290,2024,2,46,46,e3f6d1c3-c8a4-44c1-b34b-3be6696ee2ad,
5291,2024,2,47,47,dee92249-ec20-4edb-a877-1959c0d776ae,
5292,2024,2,48,48,62aba676-41a0-4b19-af90-604e81283656,
5293,2024,2,49,49,1b2f8ec3-341c-4161-8bfb-50175f55eac3,
5294,2024,2,50,50,860e7c82-03d0-42c0-91ae-6b672559b31e,
5295,2024,2,51,51,fefed0f6-8d3e-4379-a8db-671c0d9f2b2c,
5296,2024,2,52,52,428c7324-071d-4e5d-8818-d909f941d645,
5297,2024,2,53,53,ef392320-5a1c-47c6-b301-e6cc9de50071,
5298,2024,2,54,54,9249477d-56a8-4902-b920-a31ace203ad4,
5299,2024,2,55,55,4ec7f84f-99aa-4f91-8df5-bb2e1ca56a89,
5300,2024,2,56,56,737a9ef5-2379-4392-89ce-7ea93e6ba14b,
5301,2024,2,57,57,b5e801d8-6f50-4623-bdff-0762dfa52ae2,
5302,2024,2,58,58,de4d9291-f0ac-40b3-a96e-13cbfdc338bd,
5303,2024,2,59,59,4da4b1c8-2bcb-4910-92bf-55cf23434ca4,
5304,2024,2,60,60,5d7d4904-e5d5-48e3-ba99-6e2d90c478ff,
5306,2024,2,61,61,d1257fde-2450-4256-baf7-edba1fa91f09,
5307,2024,2,62,62,74009642-eba4-46af-b9ae-d478600d904f,
5308,2024,2,63,63,2cbeed60-131d-49f8-9967-2e8cc3154cea,
5309,2024,2,64,64,1dde114f-7401-4826-8983-244e3d6adbed,
5310,2024,2,65,65,0784322f-e03b-4964-88fc-0d8edf6c6789,
5311,2024,2,66,66,b1c0bb81-166a-40c7-a127-c36b4cf55835,
5312,2024,2,67,67,834b7d46-47ae-49ec-b0ba-5ed9e00be041,
5313,2024,2,68,68,3d9d1841-bc69-41a4-9614-6fb349728e95,
5314,2024,2,69,69,738071af-8887-4299-b751-23283359b6c2,
5315,2024,2,70,70,f675ce7e-0604-4c22-8b58-ebe080647b1f,
5316,2024,2,71,71,0a7771ca-f0a1-47a3-b61a-64b559f897e8,
5317,2024,2,72,72,5943f48d-1a3d-4eed-9ea4-10b0d7a8eaa6,
5318,2024,2,73,73,56fc8127-41cf-49e3-bedd-cf5c8266e67d,
5319,2024,2,74,74,f5fda01d-c79f-47c1-b611-a1ee478ce840,
5320,2024,2,75,75,c08db260-78c6-4a0c-baa4-acb80aef2c1c,
5321,2024,2,76,76,ebd170a9-3ecf-4041-9e96-ff406c52ffd9,
5322,2024,2,77,77,f722fb2d-3970-4c7f-974c-e560e1e2fd6e,
5323,2024,2,78,78,7e8116d3-0d50-4cbb-bf74-e9471225ab65,
5324,2024,2,79,79,54df55a2-2314-4bec-9605-86d5a362e3de,
5325,2024,2,80,80,5f03c0c3-c03b-484f-89d0-7352c9f6cea7,
5326,2024,2,81,81,e5b425d2-d9dd-46b7-aa01-67fb04e5e92e,
5327,2024,2,82,82,8a0c799b-d6af-46e3-a160-84a533e62b56,
5328,2024,2,83,83,665bf3ce-acd5-44c3-93a5-99ced69e2df4,
5329,2024,2,84,84,a3967525-54ad-447f-b1fc-016c0927e425,
5330,2024,2,85,85,fe51749a-beea-4ded-8973-e93e108cc1f7,
5331,2024,2,86,86,ef39fab3-154f-4327-bc6c-dc1e914ae43d,
5332,2024,2,87,87,4161969e-1764-49d5-a268-a3d64a94bb30,
5333,2024,2,88,88,3134d02a-4935-43f0-abf4-3e6058da9b6c,
5334,2024,2,89,89,5928f42a-6476-412f-aab0-a5903d8fab47,
5335,2024,2,90,90,442cd942-76e0-4fd7-a456-f5dd17f5efb8,
5336,2024,2,91,91,05dbb024-8cc9-4a7e-84a1-7c392103038f,
5337,2024,2,92,92,7b2554a9-58b0-4ab2-bae2-83cadc41326a,
5338,2024,2,93,93,d0fd2a41-ee92-45d7-83a8-34b7934ef310,
5339,2024,2,94,94,06cf9ca1-8a5b-49f9-a42b-b11fb0019e9f,
5340,2024,2,95,95,b988c038-84e4-4e57-8eed-5c36ce9c6acc,
5341,2024,2,96,96,2fc878e0-f56e-4b86-82ea-8f730063d3d2,
5342,2024,2,97,97,7f2a9b75-9aa7-4d65-a963-7a1bc3f5db55,
5343,2024,2,98,98,cf7ff70a-7316-49ff-8179-deb2b41059c4,
5344,2024,2,99,99,49cd6dd5-d4b7-4d7b-9ca7-ab41594022d9,
5345,2024,2,100,100,e96722af-eaa3-48f6-8284-cde22431ccdb,
5346,2024,2,101,101,2b2658a6-577e-4d67-9745-2926dcbca00f,
5347,2024,2,102,102,48b34aca-fa61-4bb6-9521-f2acae264c58,
5348,2024,2,103,103,593476e5-0fc2-4c8d-8fa1-5431a13c50f5,
5349,2024,2,104,104,4c70dacf-274a-4d76-934d-b7a404862cc5,
5350,2024,2,105,105,72794d75-026a-4a63-94f0-f3fa12042047,
5351,2024,2,106,106,d7aca795-9d57-4bce-a877-091f82745ec1,
5352,2024,2,107,107,74703b3b-c6db-40c7-8d5f-dab621387895,
5353,2024,2,108,108,770bb96c-bb04-4d2d-a863-917d1f6a5eb8,
5354,2024,2,109,109,89209e33-0c33-4981-aad9-bcc54a1efca7,
5355,2024,2,110,110,8c293469-bb41-43ca-aa4e-21297eca8a66,
5356,2024,2,111,111,b9ce6dd6-04b6-4b31-ba3f-2b68f674fde3,
5357,2024,2,112,112,f3fe8de0-737f-4a18-bf1b-ce4febdf1460,
5358,2024,2,113,113,aa400030-d00b-4d77-94e4-afefae0a686f,
5359,2024,2,114,114,c8504ea8-f644-4495-9e7d-d36629020e6e,
5360,2024,2,115,115,0c8159d3-e5bf-4d43-ba02-6c98d0717028,
5361,2024,2,116,116,82858337-cb8e-4c1e-b7af-8b3ce6039949,
5362,2024,2,117,117,7e21ee43-3e15-4822-a855-a6cd3fad4ab4,
5363,2024,2,118,118,b338eb62-2f33-4be9-91c9-256826e72cdd,
5364,2024,2,119,119,e0486529-075d-4da3-9b4d-7aeaca794f6b,
5365,2024,2,120,120,2c050df8-3fec-41d7-a988-bb2868fef44a,
5366,2024,2,121,121,d49a34d5-1aa7-4d85-8b03-ce03a806f485,
2005,2025,1,1,1,0ac85f4a-0291-4ff8-a7f4-a0655e3c29e0,
2006,2025,1,2,2,24d7b9ba-4cf7-4d10-9755-4222e2ac9863,
2007,2025,1,3,3,9ea2aaa9-e904-4ae0-af6c-d167c45fa447,
2008,2025,1,4,4,4738a964-f82f-4b0d-a198-752ae5ba6111,
2009,2025,1,5,5,ad7ebb73-2d92-4aa4-aab7-d5cb291cba0b,
2010,2025,1,6,6,20a0f895-66fc-4e81-b9a5-68b1eaa102a1,
2011,2025,1,7,7,861191fb-09ad-4e57-baef-0f01ba7abef9,
2012,2025,1,8,8,d3f7f2c6-9292-42f5-84f2-d09fd16a50b6,
2013,2025,1,9,9,e50cd4c2-dfea-4225-8e25-1542ada0a288,
2014,2025,1,10,10,6bc9f454-6b44-47ae-9aba-6b74b23b8016,
2015,2025,1,11,11,662b4502-29b4-460f-8796-3ecced338179,
2016,2025,1,12,12,6402731f-e018-4547-a956-75309496ae97,
2017,2025,1,13,13,53d457a4-8a09-4228-a4fa-79edab114231,
2018,2025,1,14,14,4ec0278f-11ce-4b9c-8623-d31ec17e62e3,
2019,2025,1,15,15,992611c3-dd20-4dd7-a4e3-28de8f5add54,
2020,2025,1,16,16,bea32e61-9710-4d14-929c-b3565d4b1072,
2021,2025,1,17,17,c4c56013-3802-4e2e-b42d-9f83fc0f5997,
2022,2025,1,18,18,fcef3853-eda4-4c06-9142-40a21c785cc1,
2023,2025,1,19,19,a9642fd8-7c37-4c23-9cb6-0d0d9e047479,
2024,2025,1,20,20,777a965e-af3e-467f-bb6e-60b840780054,
2025,2025,1,21,21,a5beb876-0d89-43da-b40a-34a9c2397f49,
2026,2025,1,22,22,1db37891-8316-4abc-83c7-272d361a892c,
2027,2025,1,23,23,7cf2a396-aded-42b7-a5f3-d7c7c4ccfe52,
2028,2025,1,24,24,9021d120-cbe8-42a3-8e61-8768ad548455,
2029,2025,1,25,25,55ccc74c-441c-4eba-86ae-8a39ace865ed,
2030,2025,1,26,26,1564ace1-2559-456e-bcc2-e6689b1039f2,
2031,2025,1,27,27,3a59653a-934e-402b-8c41-0389afc8c4e4,
2032,2025,1,28,28,61cee9e0-b42f-4c08-a2f8-86dd28597595,
2033,2025,1,29,29,10ef9cec-b8d5-4154-ba6f-f6a7711b5f97,
2034,2025,1,30,30,bcb6b170-3e60-43ff-8b66-ffc59981e7b9,
2035,2025,1,31,31,0df7fc82-3f61-4be1-8336-72c5879656a1,
2036,2025,1,32,32,893d7fd3-6eb6-42d3-8cb9-0ea2c12a5d0e,
2037,2025,1,33,33,c490a84b-65fb-4b78-9b63-d2015c7ab88d,
2038,2025,1,34,34,a73f9d69-a51f-4e8a-bd90-aa9638776ebb,
2039,2025,1,35,35,9d602501-e8e0-45eb-aea1-3cecfcb0cb0d,
2040,2025,1,36,36,2cd79a5c-5da5-425e-a657-81a3c4eec91a,
2041,2025,1,37,37,3ff84442-35fe-4b0b-a843-82825cc72fed,
2042,2025,1,38,38,d1515b2b-f4d2-40ef-933a-79130807547b,
2043,2025,1,39,39,8dba53c1-15ea-4d1d-b9f5-15e233cc4075,
2044,2025,1,40,40,a8e3e75f-c272-475a-938e-afcd17d58e96,
2045,2025,1,41,41,43defd23-b50a-4ed7-abf2-377e542389e3,
2046,2025,1,42,42,cb0629a8-1c1a-4902-bf97-a7785f9c1d7f,
2047,2025,1,43,43,a3f5b599-2d1e-4456-a5ef-3a8f63b70ce1,
2048,2025,1,44,44,421798fd-28bd-4d7f-b2fa-a5952dd033b5,
2049,2025,1,45,45,e4386321-b1f8-49a0-9692-35f84f34916b,
2050,2025,1,46,46,909bac8f-e282-4aa0-94a4-f6efe133d08c,
2051,2025,1,47,47,4a89700a-b6f8-4e2f-87ac-a2a4d2b17276,
2052,2025,1,48,48,bab6e7ff-c591-4563-9996-26802e81c712,
2053,2025,1,49,49,f5129c5d-a9d3-4a32-9852-aa1a70c9238e,
2054,2025,1,50,50,ccd955ce-f51d-4dc7-ba8c-9807081e5aeb,
2055,2025,1,51,51,18eea918-c871-4068-aa3f-0822ba8c8c0f,
2056,2025,1,52,52,fd346a27-1c9e-4ed0-9a49-b5d491d1155f,
2057,2025,1,53,53,92238fef-380c-4e5c-a4a3-ccc3a7db91fe,
2058,2025,1,54,54,8799a077-4149-4f8e-a799-dbb3c495c5a6,
2059,2025,1,55,55,41dba6c8-785c-4456-8df5-04c8ffa9640d,
2060,2025,1,56,56,208c016a-2d32-47ff-a16c-995da1d972e7,
2061,2025,1,57,57,f809dbe8-aa5c-4ebd-8fee-96b90f387185,
2062,2025,1,58,58,e8c94a88-b349-4587-8eac-be65e7d2a45b,
2063,2025,1,59,59,a110becc-f156-4d11-9d66-46d5411bc05f,
2064,2025,1,60,60,b7616fe8-780f-4048-bc07-941cf793aa5b,
2065,2025,1,61,61,3944919d-a6a4-4c97-ab1c-63fd7cf43a36,
2066,2025,1,62,62,a82f585c-e600-4aba-baf5-fd09db9d0076,
2067,2025,1,63,63,40aecfcd-e93e-495e-ba02-f4c51e6df5fe,
2068,2025,1,64,64,8d8092f5-8d1b-449c-8b21-cab4246cf3d0,
2069,2025,1,65,65,bb12e18e-8815-47aa-be8e-f99dd35f54b6,
2070,2025,1,66,66,b52a472f-6ed2-4df1-aea6-e4f69992ef93,
2071,2025,1,67,67,6e721425-9f48-4ee1-bec9-c88bad06bab2,
2072,2025,1,68,68,9c70721a-df58-4caf-be75-8ca13ab787b8,
2073,2025,1,69,69,ffbb3714-a0b3-43c8-b888-867dd412248c,
2074,2025,1,70,70,691623b6-5285-46ec-bb7d-54820a9c455a,
2075,2025,1,71,71,49e59b74-81c2-494a-9f6a-2d89df481f9f,
2076,2025,1,72,72,f1207a28-36c3-4cc0-ad09-31035fdeb79d,
2077,2025,1,73,73,2703dca0-3871-48f0-8ff9-928648abeb5d,
2078,2025,1,74,74,cfb2fdcb-845d-449c-9e2c-d27e51966892,
2079,2025,1,75,75,a723e51a-5531-4a3a-9acd-b8b818041868,
2080,2025,1,76,76,7dc22b32-98d3-4c65-8824-aefacad5ad95,
2081,2025,1,77,77,5b8e484c-f594-4cbb-9ef1-694a2211fd4a,
2082,2025,1,78,78,18afe65b-1d6e-4f20-8881-abb90902fb42,
2083,2025,1,79,79,a709dffe-e3f2-4a8e-8f76-e0a0eb12b08b,
2084,2025,1,80,80,189ccec4-66e7-4560-a12a-2090965e4b16,
2085,2025,1,81,81,cbb211f1-74e8-436d-9023-0a9dbe42feff,
2086,2025,1,82,82,b97ac618-50ab-426a-853e-6d87aecae314,
2087,2025,1,83,83,f6a9a050-5a9c-45df-afe0-18894987d994,
2088,2025,1,84,84,5decde37-8d25-4baf-b8a0-58349dba8e1e,
2089,2025,1,85,85,33b61acc-b57a-40c9-aae4-29ddbfeee955,
2090,2025,1,86,86,e60002be-1673-45c9-838b-c882fdbe9561,
2091,2025,1,87,87,fb4a1e0c-0770-40f9-852e-49c9075581ed,
2092,2025,1,88,88,4b199f6a-9aae-4e58-8fa4-e8f8c2fe0098,
2093,2025,1,89,89,02bc4242-dd26-4c6a-b870-45eb160fc4c1,
2094,2025,1,90,90,46ce982b-1a39-40ed-8826-a4e31c389497,
2095,2025,1,91,91,6949697f-ab8d-4038-88a4-ae179d06b623,
2096,2025,1,92,92,aea2ca95-9d85-4c32-80d5-7b4e294e2338,
2097,2025,1,93,93,ac7ac9c4-2b23-475e-b2eb-10166c54b10d,
2098,2025,1,94,94,815fbb76-6a01-4c24-8de7-c9867766c090,
2099,2025,1,95,95,627bb41f-f78d-48bb-ad67-bbde4a214a9f,
2100,2025,1,96,96,0a9ed3c9-2c16-4b88-bc98-1af6b00ef5fd,
2101,2025,1,97,97,b4724d4d-3c39-40cc-93af-dc178695868c,
2102,2025,1,98,98,c2c8f33c-d7d0-40a9-8fa3-386be0cfb25e,
2103,2025,1,99,99,11ebde8d-4245-418a-ab3c-4f56df21df85,
2104,2025,1,100,100,fb774b3f-3759-4294-ac6c-1a611391c77d,
2105,2025,1,101,101,c85cde5f-44fd-4160-833c-65d2d4e37760,
2106,2025,1,102,102,45728980-6b33-4bc3-9a78-74cd8c7093d0,
2107,2025,1,103,103,52c59b13-d3b3-4e0b-b546-8b9d8480c904,
2108,2025,1,104,104,0fcb22a5-d720-447b-a0cd-a51717f8512b,
2109,2025,1,105,105,e61a6e51-b364-44bd-973a-d172f3ffb094,
2110,2025,1,106,106,a7af8269-b765-4ab7-8bc8-4a14b6156f45,
2111,2025,1,107,107,446e6dda-9d91-4273-8257-197b6e34908f,
2112,2025,1,108,108,05311728-0a99-41ae-b392-31034be48d45,
2113,2025,1,109,109,57e7703d-687c-4b5e-b418-a417853a5f0e,
2114,2025,1,110,110,00a2896a-4ca8-46b2-b569-aa53c422fe5e,
2115,2025,1,111,111,410a1807-27e5-4c84-9eff-9b624186d15b,
2116,2025,1,112,112,c18e8f94-5003-49de-9b42-81123812f9bb,
2117,2025,1,113,113,7f24ae0f-a5da-4756-924e-c549315a5530,
2118,2025,1,114,114,e3ff0dd1-6070-429d-af70-d1dc1ef92a85,
2119,2025,1,115,115,7e85f033-133b-4a75-bbee-45a572e5af61,
2120,2025,1,116,116,4fb1e33b-8897-4972-ab4d-3868c1009f1f,
2121,2025,1,117,117,18c505c5-d1dd-4838-816e-3f5b0bf3c7b8,
2122,2025,1,118,118,282bb5b0-e84a-4692-a407-87ef6f0a49df,
2123,2025,1,119,119,0b313022-ea68-48b4-b2f9-d2c323633ea7,
2245,2025,1,120,120,0a356ed7-154f-4b7a-85f8-0460d84e6d1b,
2124,2025,2,1,1,d3791312-e9b1-4c74-88ed-d2bb149cd00a,
2125,2025,2,2,2,ea6d2d7e-6ff1-4f8e-967a-a537a6464053,
2126,2025,2,3,3,891cd5f4-64e6-4c29-8582-55154e6455cf,
2127,2025,2,4,4,5c19e530-6a3a-4c50-80f2-ac3d4981a9da,
2128,2025,2,5,5,b6819717-64d7-4ad7-ae9d-90d5ff49a438,
2129,2025,2,6,6,bd95ee2e-fceb-4f38-a93e-098fc0886628,
2130,2025,2,7,7,b011f254-fd78-4c43-aad6-24daa6df6396,
2131,2025,2,8,8,2e2d5d91-e5b7-4402-aa18-7d76ae20f265,
2132,2025,2,9,9,ac041bf9-6448-4c8e-af8b-d2ce6e6aebc5,
2133,2025,2,10,10,2e2b1881-6823-486e-9b48-af9a795bf186,
2134,2025,2,11,11,7b4cd05e-a7f8-4f48-b59f-850336f5188a,
2135,2025,2,12,12,5da24883-c170-45ae-8905-052e72bbe15a,
2136,2025,2,13,13,f7397832-b733-4647-8cfb-c8d6ea14e48b,
2137,2025,2,14,14,173a14c1-58f2-4724-b14c-95b09b6ee5dd,
2138,2025,2,15,15,3e4e1448-39fd-47b0-8a6d-7e5f7093f9bb,
2139,2025,2,16,16,27a22953-e0cb-4d8c-8395-1cf2b10103f8,
2140,2025,2,17,17,5d14794b-940c-4049-8b96-b7a9fb188bc5,
2141,2025,2,18,18,240d3d71-dae6-4b0b-a8b2-1ac1135af68b,
2142,2025,2,19,19,c69b5e5f-a8b9-4df3-ad8f-9e93f92bc151,
2143,2025,2,20,20,f1facd05-585e-46cc-80f0-ef6238c2d7a7,
2144,2025,2,21,21,4a9de55b-624e-4c45-91a5-751180268118,
2145,2025,2,22,22,ae79a489-7074-4cc6-95b7-b6010f47c622,
2146,2025,2,23,23,86fff6df-f4cc-493a-af2a-86744fadf895,
2147,2025,2,24,24,45d8dfe4-c140-42a9-ad69-8779f5896c4a,
2148,2025,2,25,25,15ee04d2-1771-45b2-8c5f-a1170bee8fa5,
2149,2025,2,26,26,2edaf60f-7bc7-472d-8a83-091c2d3949c0,
2150,2025,2,27,27,96fb9e65-a71e-429f-84ac-2ef426e2c47e,
2151,2025,2,28,28,a76b4c79-5e44-4af0-80cb-08611270f75a,
2152,2025,2,29,29,7f0a5b6b-fee6-4eed-89cd-dabaa9fd52eb,
2153,2025,2,30,30,72f4c839-cc9b-4efb-b5e6-df1ccd9081b6,
2154,2025,2,31,31,467543db-a937-4dbe-9a90-b8b1dc1efb38,
2155,2025,2,32,32,9e149cdb-116c-418b-b02e-c5d00a7c4559,
2156,2025,2,33,33,0f708bb2-7888-4b3b-aaea-8c7394a06886,
2157,2025,2,34,34,fdaef357-7480-4d77-8392-53d81aa6bccc,
2158,2025,2,35,35,7bb2d6a9-7357-41ee-b07b-19e06ef72785,
2159,2025,2,36,36,198ac074-d48d-43e7-a79c-bd24d5a64c28,
2160,2025,2,37,37,5e3b2813-bc29-40fa-8fa7-51f5dae51be4,
2161,2025,2,38,38,f958cc04-e919-4872-98fb-4aa20408c579,
2162,2025,2,39,39,e1be81f1-b6bb-48ac-884a-a1f1b0205572,
2163,2025,2,40,40,aa513029-bf35-41d5-8590-7d09a7048b1c,
2164,2025,2,41,41,657586b2-20c8-483f-8c66-7c539c03fe5e,
2165,2025,2,42,42,feaad009-2aaf-4657-8f05-18ec79391743,
2166,2025,2,43,43,fe4a2c8d-557c-42af-b43d-a2b71f0648e4,
2167,2025,2,44,44,c0cf6b10-b8e0-43e7-90e3-9b48d013a29b,
2168,2025,2,45,45,5903db71-02c1-4b27-ae82-9caa2ab0551e,
2169,2025,2,46,46,5b4e238a-7609-496b-a0c8-254b6e1dff68,
2170,2025,2,47,47,774e8e65-2fb4-465b-8d74-48db11dccb5b,
2171,2025,2,48,48,edb4f731-7154-41ea-8634-37d1927b36c0,
2172,2025,2,49,49,d3362762-7717-4092-b00c-514202f85e2c,
2173,2025,2,50,50,a00a4710-0db9-4a7f-a313-01574b623f95,
2174,2025,2,51,51,3262fd1c-bcd6-4512-b501-f9c3776b2942,
2175,2025,2,52,52,32fcde72-9d77-4143-bdb5-5e58cb27b832,
2176,2025,2,53,53,f0566eba-377f-42c7-8e48-cbf3ed6ada34,
2177,2025,2,54,54,56b74776-926e-40e9-ae35-6d3e86674c31,
2178,2025,2,55,55,b877ff8d-9e3c-47fd-9f3b-fc29eccc772f,
2179,2025,2,56,56,bdacf66d-3a81-48a6-b8f4-9730ff561c6a,
2180,2025,2,57,57,9c205a15-6692-4a5a-a8e3-3ebf477a114a,
2181,2025,2,58,58,6c00942d-ca1e-4a32-b0dc-8e4f9274a774,
2182,2025,2,59,59,007ae405-090e-4686-9dd9-186f2ca23d0e,
2183,2025,2,60,60,2ccb4b29-ea32-4d37-90ef-5227eaf05728,
2184,2025,2,61,61,5b1c140b-98a0-4da0-83fd-ccd44b688df8,
2185,2025,2,62,62,8c9d083d-2f86-4a5a-bae9-2e80f867ab0f,
2186,2025,2,63,63,89d4104a-90aa-458c-b4f8-683187c385d0,
2187,2025,2,64,64,23281f19-8b22-4417-855b-c42998fa94f2,
2188,2025,2,65,65,87b5732a-5848-4ff2-9115-e6b14a44798f,
2189,2025,2,66,66,1b148b2c-6441-4e43-ad32-76b1a017d635,
2190,2025,2,67,67,d1935e28-41fe-43c8-af87-69076b586e68,
2191,2025,2,68,68,38070f65-d60d-49c3-ba7d-5fe1889066e8,
2192,2025,2,69,69,b18f31eb-a1e1-471a-b6ed-093eefcc420f,
2193,2025,2,70,70,9f0df01c-81ba-4a0a-a755-c5a5a51da213,
2194,2025,2,71,71,44389119-4c11-4bcd-80d4-b7c40d7ebdd6,
2195,2025,2,72,72,a323aacc-538f-45a3-b765-801f7d3ab594,
2196,2025,2,73,73,c91568cf-c0fa-4000-85de-5f7638f4c51d,
2197,2025,2,74,74,c0fe816c-9626-4130-ac08-9b0c81b660f0,
2198,2025,2,75,75,fccd2424-bbb7-4bd8-a732-c47f15245294,
2199,2025,2,76,76,6d2f9407-aced-4778-aeee-ae7fe8f61c77,
2200,2025,2,77,77,85eaba38-d5e5-4925-bf55-eafb1adcbf41,
2201,2025,2,78,78,c398bdb6-25a3-42e4-a423-5e582db37431,
2202,2025,2,79,79,270edd57-0c97-4c5a-b699-f6c933b519ed,
2203,2025,2,80,80,b23c7ccc-13f5-4a09-b233-28e9635c048c,
2204,2025,2,81,81,0b540634-56df-4631-9663-dbe5f756237a,
2205,2025,2,82,82,1e745250-970d-4f16-86c1-9ca0aa3d50f9,
2206,2025,2,83,83,10208139-e588-4934-82f7-efded18518d3,
2207,2025,2,84,84,4b9ddd42-79b4-4264-8014-7c610a3602be,
2208,2025,2,85,85,9cc99598-7468-4d6c-a978-d1c2d27c756f,
2209,2025,2,86,86,b12705f5-5963-446d-823d-4cd83dd320ba,
2210,2025,2,87,87,679dd799-25e8-4887-a3ad-c4818d07f570,
2211,2025,2,88,88,9bd0689d-813a-4ea9-a086-ea4c6ca010ba,
2212,2025,2,89,89,33a3ba3c-eceb-4972-a6aa-f7b72ec9ac6a,
2213,2025,2,90,90,4a25bc27-8702-4b95-9106-8754deeaa539,
2214,2025,2,91,91,445b00d3-c3bd-4b3f-915b-08a2e9b54000,
2215,2025,2,92,92,10a7c4d0-70ae-41dc-aef9-0dccb6d25083,
2216,2025,2,93,93,1f28e71a-66d8-434c-a37d-b506070b060b,
2217,2025,2,94,94,420c8ddb-4e32-47aa-96e7-2ab7b03aeddd,
2218,2025,2,95,95,7d831362-0c94-448e-b978-46c5b2e5fa7f,
2219,2025,2,96,96,54105a12-0971-43d8-8561-8b7dd8481f98,
2220,2025,2,97,97,1e8cec1f-aeed-45c0-86d9-806a89e2bdb8,
2221,2025,2,98,98,01088674-f6f9-4c53-b20a-15528910d83a,
2222,2025,2,99,99,9ca819c9-2002-4420-8825-0c573536b96c,
2223,2025,2,100,100,9d4bfc55-ae38-4098-a525-3aa4cffa48f0,
2224,2025,2,101,101,dcf005b3-947e-4daa-a2d4-a8b851455762,
2225,2025,2,102,102,83adc0da-2868-4924-8607-2527f1920544,
2226,2025,2,103,103,e4fef34a-6605-4d5d-9c62-40501e80b9ea,
2227,2025,2,104,104,2eed0949-1e12-471c-96be-e5b576b6b441,
2228,2025,2,105,105,4a5762ef-66dc-4c45-baf8-315b3110a572,
2229,2025,2,106,106,6ce3198e-2562-41a4-a693-d52db6035e91,
2230,2025,2,107,107,fd9fd0aa-2586-42db-b821-fd1ab4ec35e6,
2231,2025,2,108,108,3afd94e8-f775-467e-adef-b6bda26ef361,
2232,2025,2,109,109,4b880252-a74e-42de-8410-653891d6a5ce,
2233,2025,2,110,110,f219ad7f-c77b-4fbf-970c-61f8f63f66fb,
2234,2025,2,111,111,6f99ec3c-6194-4408-baea-1d3b824125f0,
2235,2025,2,112,112,77284b9c-b3c5-44c2-b765-e812d758bf05,
2236,2025,2,113,113,c4bf9a23-612a-4207-bd8c-9b198356d8f9,
2237,2025,2,114,114,a2076e4c-04f8-470e-8bba-70d4d64a7d5d,
2238,2025,2,115,115,ac25406e-699c-4567-8889-56ca96fc9700,
2239,2025,2,116,116,b3ee4eca-38fe-4a4b-944c-966c32d97891,
2240,2025,2,117,117,0f456819-3f55-4397-baf6-278c8052c24a,
2241,2025,2,118,118,b5ab669e-2d10-42f8-a82f-ab6944d927a4,
2242,2025,2,119,119,e3cdf90e-c56e-4df0-80c3-030b757ff90b,
2243,2025,2,120,120,3d4aedae-21d4-40ac-8c26-eee90ad6ad55,
